Adrenaline Rush,100,"0,40","0,00","14,20","58,4",прочее,35,,,,,,,,,2,163,"3,6",,
F100 Multipower,100,"87,50","0,50","2,40","364,1",протеин,66,,"16,4",,"2,26","2,1","19,6",,"12,6","2,9",440,"1,3",,160
F80 Ironman,100,"80,00","8,00","0,80",360,протеин,66,,"16,4",,"2,26","2,1","19,6",,"12,6","2,9",440,"1,3",,160
Powerade,100,"0,00","0,00","6,00",24,прочее,,,,,,,,,,,,,,
Whey Protein Multipower,100,"75,00","5,60","9,50","388,4",протеин,66,,"16,4",,"2,26","2,1","19,6",,"12,6","2,9",440,"1,3",,160
Whey Protein Prostar (Ultimate Nutrition),100,"75,00","5,00","10,00",385,протеин,,,,,,,,,,,,,,
Абрикосовый сок,100,"0,50","0,00","13,70",56,соки,,,,,,,,,,,,,,
Абрикосы,100,"0,90","0,10","9,00",41,фрукты,,261,"8,80E-04",,,,,,,"0,05",,,,
Абрикосы сушеные без косточки (курага),100,"5,20","0,00","55,00",234,сухофрукты,,,,,,,,,,,,,,
Абрикосы сушеные с косточкой (урюк),100,"5,00","0,00","53,00",227,сухофрукты,,,,,,,,,,,,,,
Авокадо,100,"2,00","15,30","4,10","162,1",овощи,,45,"1,34E-03",,,,,,,,,,,
Айва,100,"0,60","0,50","7,90",40,фрукты,,,,,,,,,,,,,,
Айвовый сок,100,"0,50","0,00","10,40",45,соки,,,,,,,,,,,,,,
Алыча,100,"0,20","0,00","6,40",27,фрукты,,,,,,,,,,,,,,
Ананас,100,"0,40","0,20","11,50","46,5",фрукты,"20,00","40,00",,,"0,08","0,03","0,2",,"0,2","0,1",5,,,
Ананасовый сок,100,"0,40","0,10","15,70",68,соки,,,,,,,,,,,,,,
Апельсин,100,"0,90","0,20","8,10",40,фрукты,,,,,,,,,,,,,,
Апельсиновый сок,100,"0,70","0,00","12,80",54,соки,,,,,,,,,,,,,,
арахис,100,"26,00","48,10","8,60","571,3",орехи,,,,,,,,,,,,,,
Арбуз,100,"0,70","0,20","8,80",38,фрукты,,"37,00",,,,"0,03","0,24",,,"0,09",8,,,
Ацидофилин,100,"2,80","3,20","3,80",57,молочные,,,,,,,,,,,,,,
Баклажаны,100,"1,20","0,10","5,10",24,овощи,,,,,,,,,,"0,15","18,5",,,
Балык осетровый,100,"20,40","12,50","0,00",194,рыба,,,,,"0,04","0,1","1,7",,,,,,,
Бамия,100,"0,20","0,10","8,00",23,овощи,,,,,,,,,,,,,,
Банан,100,"1,50","0,50","21,00","89,3",фрукты,"10,00","100,00","0,40",,"0,04","0,05","0,6",,"0,3","0,4",10,,,
Бананы сушеные,100,"3,90","1,80","80,50",390,сухофрукты,,,,,,,,,,,,,,
Баранина отварная,100,"22,00","17,20","0,00",243,мясо,,,,,,,,,,,,,,
Баранки простые,100,"10,40","1,30","64,10",317,мучное,,,,,,,,,,,,,,
Баранки сдобные,100,"8,30","8,00","59,70",349,мучное,,,,,,,,,,,,,,
Бастурма сыровяленная (Останкино),100,"38,00","9,00","0,00",233,мясо,,,,,,,,,,,,,,
Бастурма сыровяленная (Черкизовский),100,"25,00","5,00","0,00",145,мясо,,,,,,,,,,,,,,
Бастурма тюркская (Царицыно),100,"27,90","1,20","0,00","122,4",мясо,,,,,,,,,,,,,,
Батон нарезной,100,"7,70","3,00","49,80",262,хлеб,,,,,,,,,,,,,,
Батон простой,100,"8,00","0,90","48,90",235,хлеб,,,,,,,,,,,,,,
Батон столовый,100,"7,60","5,60","49,40",284,хлеб,,,,,,,,,,,,,,
Батончик с отрубями,100,"9,20","2,80","51,40",273,хлеб,,,,,,,,,,,,,,
Батончики,100,"10,60","30,50","50,50","518,9",сладости,,,,,,,,,,,,,,
Белуга бланшированная,100,"23,30","15,60","0,00",234,рыба,,,,,,,,,,,,,,
Белые грибы,100,"3,70","1,70","1,10",23,грибы,,,,,,,,,,"7,00E-02",,,,
Белые грибы сушеные,100,"20,10","4,80","7,60",152,грибы,,,,,,,,,,,,,,
Белый хлеб хрустящий,100,"10,00","7,60","62,10",369,хлеб,,,,,,,,,,,,,,
Беляши,100,"11,00","10,00","23,20",223,смеш.блюда,,,,,,,,,,,,,,
Бефстроганов,100,"18,00","14,30","6,60",228,мясо,,,,,,,,,,,,,,
Биточки паровые,100,"14,00","11,60","8,20",194,мясо,,,,,,,,,,,,,,
Бифштекс,100,"28,80","11,00","0,00",214,мясо,,,,,,,,,,,,,,
Блинчики с творогом и сметаной,100,"25,80","33,10","55,20",640,смеш.блюда,,,,,,,,,,,,,,
Блины,100,"5,10","3,10","34,30",186,мучное,,,,,,,,,,,,,,
Бобы,100,"6,00","0,10","8,50",60,овощи,,,,,,,,,,,,,,
Борщ из квашеной капусты,100,"2,50","5,30","8,80",93,супы,,,,,,,,,,,,,,
Борщ из свежей капусты с томатами,100,"2,60","5,20","9,80",97,супы,,,,,,,,,,,,,,
Борщ летний,100,"1,10","2,10","6,40",49,супы,,,,,,,,,,,,,,
Борщ с капустой и картофелем,100,"0,90","2,10","5,20",43,супы,,,,,,,,,,,,,,
Борщ сибирский,100,"1,90","1,50","6,80",48,супы,,,,,,,,,,,,,,
Борщ украинский,100,"1,10","2,20","6,70",49,супы,,,,,,,,,,,,,,
Бренди 40% алкоголя,100,"0,00","0,00","0,50",225,алкоголь,,,,,,,,,,,,,,
Брусника,100,"0,70","0,50","8,20","40,1",ягоды,"4,8",50,,,,,,,,,,,,
Брынза из коровьего молока,100,"17,90","20,10","0,00",260,сыры,,,,,,,,,,,,,,
Брынза из овечьего молока,100,"14,60","25,50","0,00",298,сыры,,,,,,,,,,,,,,
Брынза коровья,100,"17,90","20,10","0,00","252,5",сыры,,,,,,,,,,,,,,
Брынза Фетаки,100,"17,00","17,70","0,00","227,3",сыры,,,,,,,,,,,,,,
Брюква,100,"1,20","0,10","7,40",34,овощи,,,,,,,,,,,,,,
Бублики,100,"9,00","1,10","58,00",284,мучное,,,,,,,,,,,,,,
Булка городская,100,"7,80","2,50","50,50",261,мучное,,,,,,,,,,,,,,
Булочка кунцевская,100,"8,20","5,30","53,70",300,мучное,,,,,,,,,,,,,,
Булочки диетические с лецитином,100,"16,20","14,80","28,20",313,мучное,,,,,,,,,,,,,,
Бульон говяжий,100,"0,60","0,20","0,00",4,супы,,,,,,,,,,,,,,
Бульон грибной,100,"0,10","0,00","0,03",1,супы,,,,,,,,,,,,,,
Бульон куриный,100,"0,50","0,10","0,00",3,супы,,,,,,,,,,,,,,
Бульон рыбный,100,"0,40","0,04","0,00",2,супы,,,,,,,,,,,,,,
Ванильный сахар,100,"0,00","0,00","98,00",392,прочее,,,,,,,,,,,,,,
Варенье из айвы,100,"0,40","0,00","68,70",263,сладости,,,,,,,,,,,,,,
Варенье из груш,100,"0,40","0,00","70,90",271,сладости,,,,,,,,,,,,,,
Варенье из клубники,100,"0,30","0,00","70,90",271,сладости,,,,,,,,,,,,,,
Варенье из малины,100,"0,60","0,00","71,20",275,сладости,,,,,,,,,,,,,,
Варенье из мандаринов,100,"0,70","0,00","72,30",278,сладости,,,,,,,,,,,,,,
Варенье из персиков,100,"0,50","0,00","64,30",248,сладости,,,,,,,,,,,,,,
Варенье из сливы,100,"0,40","0,00","73,40",281,сладости,,,,,,,,,,,,,,
Варенье из черноплодной рябины,100,"0,40","0,00","63,80",246,сладости,,,,,,,,,,,,,,
Варенье из яблок,100,"0,40","0,00","66,20",254,сладости,,,,,,,,,,,,,,
Варенье малиновое,100,"0,60","0,00","71,20",275,сладости,,,,,,,,,,,,,,
Ватрушка с творогом,100,"10,60","12,30","40,10",318,сладости,,,,,,,,,,,,,,
Вафли FLARONIS,100,"13,40","3,40","76,50",435,сладости,,,,,,,,,,,,,,
Вафли с жиросодержащими начинками,100,"3,40","30,20","64,70",539,сладости,,,,,,,,,,,,,,
Вафли с фруктовыми начинками,100,"3,20","2,80","80,10",350,сладости,,,,,,,,,,,,,,
Вермут 13% алкоголя,100,"0,00","0,00","15,90",158,алкоголь,,,,,,,,,,,,,,
Ветчина в форме,100,"22,60","20,90","0,00",279,мясо,,,,,,,,,,,,,,
Ветчина из говядины (Империя вкуса),100,"12,00","3,00","0,00",75,мясо,,,,,,,,,,,,,,
Ветчина из говядины запеченая (Империя вкуса),100,"20,00","3,00","0,00",107,мясо,,,,,,,,,,,,,,
Ветчина из индейки (Империя вкуса),100,"13,80","4,00","0,00","91,2",мясо,,,,,,,,,,,,,,
Ветчина Индейка европейская (Микоян),100,"12,00","4,00","0,00",134,мясо,,,,,,,,,,,,,,
Ветчина любительская,100,"14,90","13,70","0,00",183,мясо,,,,,,,,,,,,,,
Ветчина особая,100,"17,60","6,20","0,00",126,мясо,,,,,,,,,,,,,,
Винегрет,100,"1,30","6,00","7,80",92,смеш.блюда,,,,,,,,,,,,,,
Вино белое 10% алкоголя,100,"0,00","0,00","4,50",66,алкоголь,,,,,,,,,,,,,,
Вино белое 12.5% алкоголя,100,"0,00","0,00","4,00",78,алкоголь,,,,,,,,,,,,,,
Вино белое сладкое 12% алкоголя,100,"0,00","0,00","2,30",98,алкоголь,,,,,,,,,,,,,,
Вино белое сладкое 13.5%алкоголя,100,"0,00","0,00","5,90",98,алкоголь,,,,,,,,,,,,,,
Вино белое сухое 12% алкоголя,100,"0,00","0,00","2,30",66,алкоголь,,,,,,,,,,,,,,
Вино красное 12% алкоголя,100,"0,00","0,00","2,30",76,алкоголь,,,,,,,,,,,,,,
Виноград,100,"0,60","0,20","15,00",65,фрукты,,,,,,,,,,"0,09",4,,,
Виноградный сок,100,"0,30","0,00","13,80",54,соки,,,,,,,,,,,,,,
Виски 40% алкоголя,100,"0,00","0,00","0,00",220,алкоголь,,,,,,,,,,,,,,
Вишневый сок,100,"0,70","0,00","10,20",47,соки,,,,,,,,,,,,,,
Вишня,100,"0,80","0,50","10,30",52,ягоды,,,,,,,,,,,,,,
Вишня кислая (морож.),100,"0,80","0,03","7,85","34,87",ягоды,,,,,,,,,,"0,09",4,,,
Вобла вяленая,100,"46,40","5,50","0,00",235,рыба,,,,,,,,,,,,,,
Вобла хол.копч.,100,"31,10","6,30","0,00",181,рыба,,,,,,,,,,,,,,
Водка 40% алкоголя,100,"0,00","0,00","0,10",235,алкоголь,,,,,,,,,,,,,,
Воздушная кукуруза,100,"13,00","4,00","72,00",382,сладости,,,,,,,,,,,,,,
Галеты,100,"9,20","10,20","68,40",415,сладости,,,,,,,,,,,,,,
Гематоген,100,"6,10","2,90","75,60",391,сладости,"100,00",,,,,,,,,,,,,
Геркулес,100,"11,00","6,20","50,10",305,"каши, крупы",,,,,,,,,,,,,,
Говядина антрекот (МЕТРО),100,"20,00","3,00","0,00",107,мясо,,,,,,,,,,,,,,
Говядина вырезка,100,"28,00","9,00","0,00",199,мясо,,,,,,,,,,,,,,
Говядина вырезка (МЕТРО),100,"19,00","5,00","0,00",123,мясо,,,,,,,,,,,,,,
Говядина копченая (МИКОЯН),100,"21,60","6,00","0,00","140,4",мясо,,,,,,,,,,,,,,
Говядина отварная,100,"25,80","16,80","0,00",254,мясо,,,,,,,,,,,,,,
Говядина тушеная,100,"14,30","5,30","3,30",117,мясо,,,,,,,,,,,,,,
Голубика,100,"1,10","0,00","5,80",22,ягоды,,,,,,,,,,,,,,
Горбуша,100,"20,90","5,80","0,00",136,рыба,,,,,,,,,,,,,,
Горбуша в томатн.соусе,100,"14,50","5,10","6,90",132,рыба,,,,,,,,,,,,,,
Горбуша вареная,100,"22,90","7,80","0,10",168,рыба,,,,,,,,,,,,,,
Горбуша соленая,100,"22,10","9,00","0,00",169,рыба,,,,,,,,,,,,,,
Горох сушеный,100,"20,50","2,00","48,60",298,"каши, крупы",,,,,,,,,,,,,,
Горошек зеленый,100,"5,10","0,20","13,10",75,овощи,"23,40",,"0,40",,,,,,,,,,,
Гранат,100,"0,70","0,60","14,50","62,6",фрукты,,,,,,,,,,"0,03",2,,,
Гранатовый сок,100,"0,30","0,00","14,50",64,соки,,,,,,,,,,,,,,
Грейпфрут,100,"0,90","0,20","6,50","31,4",фрукты,,,,,,,,,,"0,03",2,,,
Грейпфрутовый сок,100,"0,30","0,00","8,00",36,соки,,,,,,,,,,,,,,
Гречневая каша (Myllyn Paras),100,"13,00","1,70","67,50",340,"каши, крупы",,,"0,8",,"0,6","0,2",,,,,,,"7,00E-03",
Гречневая крупа Мистраль,100,"13,60","3,30","65,00",347,"каши, крупы",,"6,00","6,70",,"0,4","0,2","4,2",,,"0,4",32,,,
Гречневая продел,100,"9,50","2,30","65,90",329,"каши, крупы",,,,,,,,,,,,,,
Гречневая ядрица,100,"12,60","3,30","62,10",335,"каши, крупы",,,,,,,,,,,,,,
"Грибы ассорти ""Грибное лукошко""",100,"2,90","1,00","1,10",25,грибы,,,,,,,,,,"7,00E-02",,,,
Грудинка сырокопченая,100,"8,90","63,30","0,00",605,мясо,,,,,,,,,,,,,,
Грузди,100,"1,80","0,80","0,50",16,грибы,,,,,,,,,,,,,,
Груша,100,"0,40","0,30","9,50",42,фрукты,,,,,,,,,,"0,03",2,,,
Гуава,100,"0,80","0,60","0,00",57,фрукты,,,,,,,,,,,,,,
Гуляш,100,"12,30","12,20","3,90",175,мясо,,,,,,,,,,,,,,
Гуляш говяжий,100,"17,10","12,00","4,00",192,мясо,,,,,,,,,,,,,,
Гуляш свиной,100,"15,00","22,80","4,00",281,мясо,,,,,,,,,,,,,,
Джем из абрикосов,100,"0,50","0,00","68,80",265,сладости,,,,,,,,,,,,,,
Джем из мандаринов,100,"0,30","0,00","67,80",259,сладости,,,,,,,,,,,,,,
Джем из черной смородины,100,"0,60","0,00","68,20",265,сладости,,,,,,,,,,,,,,
Джин 40% алкоголя,100,"0,00","0,00","0,00",220,алкоголь,,,,,,,,,,,,,,
Драже ореховое,100,"11,90","38,30","41,00",552,сладости,,,,,,,,,,,,,,
Драже сахарное,100,"0,00","0,00","98,00",374,сладости,,,,,,,,,,,,,,
Драже фруктово-ягодное в шоколаде,100,"5,70","10,20","73,10",389,сладости,,,,,,,,,,,,,,
Дыня,100,"0,60","0,00","9,10",38,фрукты,,,,,,,,,,,,,,
Ежевика,100,"2,10","0,00","4,60",31,ягоды,"15,60","0,10",,,,,,,,,,,,
Желатин пищевой,100,"87,20","0,40","0,70",355,прочее,,,,,,,,,,,,,,
Жир бараний топленый,100,"0,00","99,70","0,00",897,масла,,,,,,,,,,,,,,
Жир говяжий топленый,100,"0,00","99,70","0,00",897,масла,,,,,,,,,,,,,,
Жир свиной (лярд),100,"0,00","99,70","0,00",897,масла,,,,,,,,,,,,,,
Завтрак туриста (говядина),100,"20,50","10,40","0,00",176,мясо,,,,,,,,,,,,,,
Завтрак туриста (свинина),100,"16,90","15,40","0,00",206,мясо,,,,,,,,,,,,,,
Земляника садовая,100,"0,80","0,40","7,50","36,8",ягоды,,,,,,,,,,,,,,
Зерна пшеницы,100,"13,00","2,00","65,00",318,прочее,,,25,,,,,,,,,,,
Зефир,100,"0,80","0,00","78,80","298,7",сладости,,,,,,"0,01",,,,,,,,
Зубатка,100,"15,50","5,80","0,00",114,рыба,,,,,,,,,,,,,,
Изюм,100,"1,80","0,00","66,00",262,сухофрукты,,,,,,,,,,"0,27",,,,
"икра баклажаная ""От михалыча""",100,"1,50","4,00","7,00",70,овощи,,,,,,,,,,,,,,
Икра белужья зернистая,100,"27,20","14,20","0,00",237,рыба,,,,,,,,,,,,,,
Икра горбуши зернистая,100,"31,20","11,70","0,00",230,рыба,,,,,,,,,,,,,,
Икра из баклажанов,100,"1,70","13,30","5,09",148,овощи,,,,,,,,,,,,,,
Икра из кабачков,100,"2,00","9,00","8,54",122,овощи,,,,,,,,,,,,,,
Икра кеты зернистая,100,"31,60","13,80","0,00",251,рыба,,,,,,,,,,,,,,
Икра минтаевая пробойная,100,"28,40","1,90","0,00",131,рыба,,,,,,,,,,,,,,
Икра осетровая зернистая,100,"28,90","9,70","0,00",203,рыба,,,,,,,,,,,,,,
Икра осетровая паюсная,100,"36,00","10,20","0,00",236,рыба,,,,,,,,,,,,,,
Икра севрюжья зернистая,100,"28,40","11,90","0,00",221,рыба,,,,,,,,,,,,,,
Имунеле NEO (Вимм-Билль-Данн),100,"1,80","0,90","12,10","63,7",молочные,,,,,,,,,,,,,,
Индейка жареная,100,"26,20","13,50","0,00",226,мясо,,,,,,,,,,,,,,
Индейка отварная,100,"25,30","10,40","0,00",195,мясо,,,,,,,,,,,,,,
Индейка филе (БИБИГОН),100,"20,20","5,60","0,00","131,2",мясо,"1,80","44,00","0,20",,"0,07","0,20","7,70","76,00","0,8","0,52","4,3","0,55",,10
Индейка шницель (Егорьевская п/ф),100,"19,80","6,70","0,00",130,мясо,"1,80","44,00","0,20",,"0,07","0,20","7,70","76,00","0,8","0,52","4,3","0,55",,10
Инжир,100,"0,70","0,20","12,00",49,фрукты,"2,00","50,00",,,"0,06","0,05","0,5",,"0,4","0,1",10,,,
Инжир сушеный,100,"3,10","1,20","53,20",238,сухофрукты,,,,,,,,,,,,,,
Иогурт 3.2%-ной жирн. Сладкий,100,"5,00","3,20","8,50",85,молочные,,,,,,,,,,,,,,
Ирис полутвердый,100,"3,30","7,50","81,80",395,сладости,,,,,,,,,,,,,,
Ирис тираженный,100,"3,60","7,30","83,50",400,сладости,,,,,,,,,,,,,,
"Йогурт ""Активия"" с черносливом",100,"5,40","4,20","16,00","123,4",молочные,,,,,,,,,,,,,,
Йогурт 1.5%-нойжирн.,100,"5,00","1,50","3,50",51,молочные,,,,,,,,,,,,,,
Йогурт 1.5%-ный сладкий,100,"5,00","1,50","8,50",70,молочные,,,,,,,,,,,,,,
Йогурт 3.2%-ной жирн.,100,"5,00","3,20","3,50",66,молочные,,,,,,,,,,,,,,
Кабачки,100,"0,60","0,30","4,90",23,овощи,,,,,,,,,,,,,,
Кабачки жареные,100,"1,10","6,00","6,70",88,овощи,,,,,,,,,,,,,,
"Какао порошок ""Золотой ярлык""",100,"24,70","15,00","28,50",364,прочее,,"20,00","3,00",,"0,1","0,3","1,8",,"1,5","0,3",45,,,
"Какао порошок ""Российский""",100,"24,40","11,00","28,10",309,прочее,,"20,00","3,00",,"0,1","0,3","1,8",,"1,5","0,3",45,,,
Какао со сгущ. молоком с сахаром,100,"8,20","7,50","54,90",309,сладости,,,,,,,,,,,,,,
Какао со сгущ. сливками с сахаром,100,"8,20","15,50","48,30",356,сладости,,,,,,,,,,,,,,
Калач московский,100,"7,90","0,80","51,00",249,мучное,,,,,,,,,,,,,,
Кальмар,100,"18,00","4,20","0,00",110,рыба,,,,,,,,,,"0,18",,,,
Камбала,100,"18,30","3,30","0,00",103,рыба,,,,,,,,,,,,,,
Камбала в томатн.соусе,100,"12,60","5,40","6,30",125,рыба,,,,,,,,,,,,,,
Камбала гор.копч.,100,"22,00","11,60","0,00",192,рыба,,,,,,,,,,,,,,
Камбала обжаренная в масле,100,"14,40","21,30","0,00",249,рыба,,,,,,,,,,,,,,
Капуста белокочанная,100,"1,80","0,10","4,70",27,овощи,,,,,,,,,,,,,,
Капуста белокочанная жареная,100,"1,80","2,80","4,20",49,овощи,,,,,,,,,,,,,,
Капуста белокочанная отварная,100,"1,40","0,10","3,90",21,овощи,,,,,,,,,,,,,,
Капуста белокочанная тушеная,100,"2,00","3,30","9,60",75,овощи,,,,,,,,,,,,,,
Капуста брокколи,100,"2,70","0,40","4,70",24,овощи,,"139,00",,,,,,,,,,,"0,131",
Капуста брюссельская,100,"4,50","0,50","8,10",34,овощи,"120,00","88,00",,,,,,,,"0,28",31,,,
Капуста брюссельская хортекс,100,"4,60","0,60","8,40",35,овощи,"120,00","88,00",,,,,,,,"0,28",31,,,
Капуста квашеная,100,"1,80","0,10","3,00","19,4",овощи,30,,,,"0,02","0,02","0,4",,,,,,,
Капуста кольраби,100,"2,80","0,00","7,90",42,овощи,,,,,,,,,,,,,,
Капуста краснокочанная,100,"0,80","0,00","5,20",24,овощи,,,,,,,,,,,,,,
Капуста пекинская,100,"1,20","0,20","2,20",16,овощи,,,,,,,,,,,,,,
Капуста Романеско (Бондюэль),100,"2,90","0,50","2,20","24,9",овощи,,,,,,,,,,,,,,
Капуста цветная,100,"2,50","0,30","4,50",30,овощи,"70,00",,,,,,,,,"0,16",23,,,
Капуста цветная отварная,100,"1,80","0,30","4,00",26,овощи,,,,,,,,,,,,,,
Карамель леденцовая,100,"0,00","0,10","95,70",370,сладости,,,,,,,,,,,,,,
Карамель с ликерными начинками,100,"0,00","0,10","92,60",358,сладости,,,,,,,,,,,,,,
Карамель с молочными начинками,100,"0,80","1,00","91,20",363,сладости,,,,,,,,,,,,,,
Карамель с ореховыми начинками,100,"3,10","7,30","86,60",410,сладости,,,,,,,,,,,,,,
Карамель с помадными начинками,100,"0,00","0,10","94,70",366,сладости,,,,,,,,,,,,,,
Карамель с прохладительными начинками,100,"0,00","10,00","88,00",429,сладости,,,,,,,,,,,,,,
Карамель с фруктово-ягодными начинками,100,"0,10","0,10","92,10",357,сладости,,,,,,,,,,,,,,
Карамель с шоколадно-ореховыми начинками,100,"1,80","9,20","86,10",420,сладости,,,,,,,,,,,,,,
Карась,100,"20,70","2,10","0,00",102,рыба,,,,,,,,,,,,,,
Карп,100,"19,40","5,30","0,00",125,рыба,,,,,,,,,,,,,,
Картофель,100,"2,00","0,40","16,30",80,овощи,,,,,,,,,,,,,,
Картофель жареный,100,"2,80","9,50","23,40",192,овощи,,,,,,,,,,,,,,
Картофель отварной,100,"2,00","0,40","16,70",82,овощи,,,,,,,,,,,,,,
Картофельное пюре,100,"2,20","0,80","14,30",74,овощи,,,,,,,,,,,,,,
Картофельные чипсы,100,"2,20","35,40","48,60",531,сладости,,,,,,,,,,,,,,
Катык Долголетие,100,"6,00","3,20","5,70","75,6",молочные,,,,,,,,,,,,,,
Каша геркулесовая молочная,100,"3,20","4,30","14,20",105,"каши, крупы",,,,,,,,,,,,,,
Каша геркулесовая на воде,100,"2,90","1,40","14,80",84,"каши, крупы",,,,,,,,,,,,,,
Каша гречневая вязкая на воде,100,"3,20","0,80","17,10",90,"каши, крупы",,,,,,,,,,,,,,
Каша гречневая рассыпчатая,100,"5,90","1,60","30,60",163,"каши, крупы",,,,,,,,,,,,,,
Каша манная молочная,100,"3,00","3,20","15,30",98,"каши, крупы",,,,,,,,,,,,,,
Каша манная на воде,100,"2,50","0,20","16,80",80,"каши, крупы",,,,,,,,,,,,,,
Каша овсяная молочная,100,"3,20","4,10","14,20",102,"каши, крупы",,,,,,,,,,,,,,
Каша овсяная на воде,100,"3,00","1,70","15,00",88,"каши, крупы",,,,,,,,,,,,,,
Каша перловая рассыпчатая,100,"3,10","0,40","23,00",106,"каши, крупы",,,,,,,,,,,,,,
Каша пшеничная вязкая на воде,100,"3,20","0,30","18,70",92,"каши, крупы",,,,,,,,,,,,,,
Каша пшеничная рассыпчатая,100,"5,00","0,40","27,70",137,"каши, крупы",,,,,,,,,,,,,,
Каша пшенная вязкая на воде,100,"3,00","0,70","17,00",90,"каши, крупы",,,,,,,,,,,,,,
Каша пшенная рассыпчатая,100,"4,70","1,10","26,10",135,"каши, крупы",,,,,,,,,,,,,,
Каша рисовая молочная,100,"2,50","3,10","16,00",97,"каши, крупы",,,,,,,,,,,,,,
Каша рисовая на воде,100,"1,50","0,10","17,40",78,"каши, крупы",,,,,,,,,,,,,,
Каша ячневая вязкая на воде,100,"2,30","0,30","15,70",76,"каши, крупы",,,,,,,,,,,,,,
Каша ячневая рассыпчатая,100,"3,40","0,40","22,10",108,"каши, крупы",,,,,,,,,,,,,,
Каштаны жареные,100,"3,20","2,20","33,80",182,сладости,,,,,,,,,,,,,,
Кедровые орешки,100,"12,00","61,00","12,00",629,орехи,,,,,,,,,,,,,,
Кета,100,"21,50","4,80","0,00",129,рыба,,,,,,,,,,,,,,
Кета соленая,100,"24,30","9,60","0,00",184,рыба,,,,,,,,,,,,,,
Кетчуп,100,"2,10","0,00","14,90",90,прочее,,,,,,,,,,,,,,
Кефир 2.5% жирн.,100,"2,90","2,50","3,90",53,молочные,,,,,,,,,,,,,,
кефир 33 коровы 1%,100,"3,00","1,00","4,05","37,2",молочные,,,,,,,,,,,,,,
Кефир жирный,100,"2,80","3,20","4,10",56,молочные,,,,,,,,,,,,,,
Кефир нежирный,100,"3,00","0,05","3,80",30,молочные,,,,,,,,,,,,,,
кефир Пастушок 1%,100,"3,00","1,00","4,05","37,2",молочные,,,,,,,,,,,,,,
Кешью,100,"25,20","53,60","12,60",633,орехи,,,,,,,,,,,,,,
Киви,100,"1,00","0,60","4,00",51,фрукты,,,,,,,,,,,,,,
Килька балтийская соленая,100,"17,10","7,60","0,00",137,рыба,,,,,,,,,,,,,,
Килька гор.копч.,100,"21,30","8,50","0,00",162,рыба,,,,,,,,,,,,,,
Килька пряного посола,100,"14,80","10,50","0,00",154,рыба,,,,,,,,,,,,,,
клюква,100,"0,50","0,00","3,80","17,2",ягоды,10,,,,,,,,,,,,,
Козинак кунжутный на фруктозе,100,"12,20","28,60","60,20",547,сладости,,,,,,,,,,,,,,
Кокосовый орех,100,"3,40","33,50","29,50",380,орехи,,,,,,,,,,,,,,
Колбаса армавирская,100,"15,20","40,20","0,00",423,колбаса,,,,,,,,,,,,,,
Колбаса диетическая,100,"12,10","13,50","0,00",170,колбаса,,,,,,,,,,,,,,
Колбаса для завтрака,100,"13,00","13,90","2,50",187,колбаса,,,,,,,,,,,,,,
Колбаса докторская,100,"12,80","22,20","1,50",257,колбаса,,,,,,,,,,,,,,
Колбаса закусочная,100,"15,00","33,00","2,30",366,колбаса,,,,,,,,,,,,,,
Колбаса зернистая,100,"9,90","63,20","0,00",608,колбаса,,,,,,,,,,,,,,
Колбаса краковская,100,"16,20","44,60","0,00",466,колбаса,,,,,,,,,,,,,,
Колбаса кубанская,100,"9,50","45,60","0,00",448,колбаса,,,,,,,,,,,,,,
Колбаса любительская,100,"12,20","28,00","0,00",301,колбаса,,,,,,,,,,,,,,
Колбаса майкопская,100,"23,60","41,40","0,00",467,колбаса,,,,,,,,,,,,,,
Колбаса минская,100,"17,40","23,00","2,70",287,колбаса,,,,,,,,,,,,,,
Колбаса молочная,100,"11,70","22,80","0,00",252,колбаса,,,,,,,,,,,,,,
Колбаса московская,100,"11,50","21,80","2,00",250,колбаса,,,,,,,,,,,,,,
Колбаса одесская,100,"14,80","38,10","0,00",402,колбаса,,,,,,,,,,,,,,
Колбаса отдельная,100,"11,00","21,00","1,80",240,колбаса,,,,,,,,,,,,,,
Колбаса полтавская,100,"16,40","39,00","0,00",417,колбаса,,,,,,,,,,,,,,
Колбаса прима,100,"13,00","19,40","0,00",227,колбаса,,,,,,,,,,,,,,
Колбаса русская,100,"11,80","28,90","0,00",302,колбаса,,,,,,,,,,,,,,
Колбаса салями,100,"19,30","45,00","1,90",485,колбаса,,,,,,,,,,,,,,
Колбаса свиная,100,"10,20","25,10","1,90",274,колбаса,,,,,,,,,,,,,,
Колбаса сервелат,100,"16,10","40,10","0,00",425,колбаса,,,,,,,,,,,,,,
Колбаса советская,100,"23,00","47,00","0,00",515,колбаса,,,,,,,,,,,,,,
Колбаса степная,100,"11,10","20,10","2,90",237,колбаса,,,,,,,,,,,,,,
Колбаса столичная,100,"15,10","28,70","0,00",319,колбаса,,,,,,,,,,,,,,
Колбаса столовая,100,"11,10","20,20","1,90",234,колбаса,,,,,,,,,,,,,,
Колбаса таллиннская,100,"17,10","33,80","0,00",373,колбаса,,,,,,,,,,,,,,
Колбаса украинская,100,"16,50","34,40","0,00",376,колбаса,,,,,,,,,,,,,,
Колбаса чайная,100,"11,70","18,40","1,90",216,колбаса,,,,,,,,,,,,,,
Колбаса южная,100,"12,40","17,30","2,50",215,колбаса,,,,,,,,,,,,,,
Компот из абрикосов,100,"0,50","0,00","21,00",85,компоты,,,,,,,,,,,,,,
Компот из айвы,100,"0,40","0,00","20,00",79,компоты,,,,,,,,,,,,,,
Компот из винограда,100,"0,50","0,00","19,70",77,компоты,,,,,,,,,,,,,,
Компот из вишни,100,"0,60","0,00","24,50",99,компоты,,,,,,,,,,,,,,
Компот из вишни,100,"0,60","0,00","24,50",99,компоты,,,,,,,,,,,,,,
Компот из мандаринов,100,"0,10","0,00","18,10",69,компоты,,,,,,,,,,,,,,
Компот из персиков,100,"0,50","0,00","19,90",78,компоты,,,,,,,,,,,,,,
Компот из слив,100,"0,50","0,00","23,90",96,компоты,,,,,,,,,,,,,,
Компот из черешни,100,"0,50","0,00","19,90",78,компоты,,,,,,,,,,,,,,
Компот из яблок,100,"0,20","0,00","22,10",85,компоты,,,,,,,,,,,,,,
Компот ит груш,100,"0,20","0,00","18,20",70,компоты,,,,,,,,,,,,,,
Конфеты Грильяж (Рот-Фронт),100,"5,10","26,90","64,60",512,сладости,,,,,,,,,,,,,,
Конфеты Мишка косолапый  (Кр. октябрь),100,"5,70","32,10","60,50",526,сладости,,,,,,,,,,,,,,
Конфеты молочные,100,"2,70","4,30","82,30",364,сладости,,,,,,,,,,,,,,
Конфеты Огни Москвы (Рот-Фронт),100,"6,50","30,40","58,20",527,сладости,,,,,,,,,,,,,,
Конфеты помадные,100,"2,20","4,60","83,60",369,сладости,,,,,,,,,,,,,,
Конфеты Российские (Рот-Фронт),100,"12,20","32,50","46,90",524,сладости,,,,,,,,,,,,,,
Конфеты Трюфели с амаретто (Победа),100,"5,00","35,00","55,00",562,сладости,,,,,,,,,,,,,,
Конфеты Фруже клюква в желе и шок. (16гр/шт),100,"2,70","12,80","58,40","359,6",сладости,,,,,,,,,,,,,,
Конфеты фруктово-помадные,100,"0,00","0,00","90,60",346,сладости,,,,,,,,,,,,,,
Конфеты шоколадные с грильяжной начинкой,100,"5,30","26,90","64,40",510,сладости,,,,,,,,,,,,,,
Конфеты шоколадные с кремовой начинкой,100,"7,50","31,80","53,60",523,сладости,,,,,,,,,,,,,,
Конфеты шоколадные с начинкой между слоями вафель,100,"5,80","32,00","57,90",535,сладости,,,,,,,,,,,,,,
Конфеты шоколадные с помадной начинкой,100,"2,90","10,70","76,60",401,сладости,,,,,,,,,,,,,,
Конфеты шоколадные с пралиновой начинкой,100,"4,80","34,70","57,60",552,сладости,,,,,,,,,,,,,,
Конфеты шоколадные с фруктовой начинкой,100,"1,60","8,60","74,30",369,сладости,,,,,,,,,,,,,,
Конфеты шоколадные с шоколадно-кремовой начинкой,100,"4,00","39,50","51,30",569,сладости,,,,,,,,,,,,,,
Конфеты шоколадные с шоколадно-ореховой начинкой,100,"6,40","34,60","54,60",547,сладости,,,,,,,,,,,,,,
Коньяк 40%,100,"0,00","0,00","70,00",239,алкоголь,,,,,,,,,,,,,,
Корейка сырокопченая,100,"10,50","47,40","0,00",469,мясо,,,,,,,,,,,,,,
Коричневый рис,100,"6,30","4,40","65,10",331,"каши, крупы",,,,,,,,,,,,,,
Котлеты говяжьи,100,"14,60","11,80","13,60",220,мясо,,,,,,,,,,,,,,
котлеты из говядины с индейкой,100,"17,80","8,60","0,15",150,мясо,,,,,,,,,,,,,,
Котлеты свиные,100,"10,60","26,80","13,60",340,мясо,,,,,,,,,,,,,,
Кофе жареный в зернах (сухой),100,"13,90","14,40","2,80",202,прочее,,,,,,,,,,,,,,
Кофе растворимый (сухой),100,"15,00","3,60","7,00","118,7",прочее,,,,,,1,24,,,,,,,
Кофе со сгущ. молоком с сахаром,100,"8,40","8,60","53,00",312,прочее,,,,,,,,,,,,,,
Кофе со сгущ. сливками. с сахаром,100,"7,00","19,00","46,00",374,прочее,,,,,,,,,,,,,,
Кофейн.напиток Здоровье (сухой),100,"6,00","4,80","71,20",337,прочее,,,,,,,,,,,,,,
Краб,100,"16,00","3,60","0,00",96,рыба,,,,,,,,,,,,,,
Крабы,100,"18,70","1,10","0,10",85,рыба,,,,,,,,,,,,,,
Креветки,100,"21,80","1,40","0,80",103,рыба,,,,,,,,,,,,,,
Крекеры,100,"9,20","14,10","66,10",439,сладости,,,,,,,,,,,,,,
Криль,100,"20,60","1,70","0,00",98,рыба,,,,,,,,,,,,,,
Кролик жареный,100,"25,00","14,80","0,00",233,мясо,,,,,,,,,,,,,,
Кролик отварной,100,"24,60","11,70","0,00",204,мясо,,,,,,,,,,,,,,
Крупа кукурузная,100,"8,30","1,20","71,60",337,"каши, крупы",,,,,,,,,,,,,,
Крупа манная,100,"10,30","1,00","67,70",328,"каши, крупы",,,,,,,,,,,,,,
Крупа перловая,100,"9,30","1,10","66,50",320,"каши, крупы",,,,,,,,,,,,,,
Крыжовник,100,"0,70","0,20","9,10",41,ягоды,,,,,,,,,,,,,,
Кукуруза дробленая,100,"2,40","0,50","14,60",72,"каши, крупы",,,,,,,,,,,,,,
Кукуруза консерв. (Бондюэль),100,"4,40","1,50","22,80","122,3",овощи,,"754,00",,,,,,,,,,,,
Кукуруза целыми зернами,100,"2,20","0,40","11,20",58,"каши, крупы",,,,,,,,,,,,,,
Кукурузные зерна,100,"3,00","0,80","0,00",103,"каши, крупы",,,,,,,,,,,,,,
Кунжутное семя,100,"19,40","48,70","12,20","561,7",орехи,,,,,"1,3","0,4",4,,,,,,,
Курага,100,"5,20","0,00","55,00",234,сухофрукты,,"754,00",,,,,,,,,,,,
Куриная грудка,100,"18,70","4,50","0,00",120,мясо,"1,80","44,00","0,20",,"0,07","0,20","7,70","76,00","0,8","0,52","4,3","0,55",,10
Куриная грудка Петелинка,100,"21,30","2,50","0,00","107,7",мясо,"1,80","44,00","0,20",,"0,07","0,20","7,70","76,00","0,8","0,52","4,3","0,55",,10
Куриные котлеты,100,"18,00","8,00","15,20",206,мясо,,,,,,,,,,,,,,
Курица жареная,100,"26,30","11,00","0,00",204,мясо,,,,,,,,,,,,,,
Курица отварная,100,"25,20","2,00","0,00","118,8",мясо,,,,,,,,,,,,,,
Лаваш,100,"9,10","1,10","56,00",277,хлеб,,,,,,,,,,,,,,
"Лапша японская ""Соба"" из гречн. муки",100,"7,00","1,50","36,00",190,мучное,,,,,"0,2",,"1,5",,,,,,,
Лещ,100,"20,90","4,70","0,00",126,рыба,,,,,,,,,,,,,,
Лещ в томатн.соусе,100,"15,30","7,40","2,60",138,рыба,,,,,,,,,,,,,,
Лещ вяленый,100,"42,00","5,90","0,00",221,рыба,,,,,,,,,,,,,,
Лещ гор.копч.,100,"32,80","4,50","0,00",172,рыба,,,,,,,,,,,,,,
Лещ хол.копч.,100,"29,70","4,60","0,00",160,рыба,,,,,,,,,,,,,,
Ликер 24% алкоголя,100,"0,00","0,00","53,00",345,алкоголь,,,,,,,,,,,,,,
Лимон,100,"0,90","0,10","3,00",16,фрукты,"40,00","10,00","0,50",,"0,04","0,02","0,1",,"0,3","0,06",9,,,
Лимонный сок,100,"0,60","0,00","2,50",26,соки,,,,,,,,,,,,,,
Лисички,100,"1,60","1,10","1,50",20,грибы,,,,,,,,,,,,,,
лосось (горбуша),100,"21,00","6,00","0,00",138,рыба,,,,,"0,01","0,14","2,8",,,,"7,1",,,
лосось (кета),100,"22,00","5,00","0,00",133,рыба,,,,,"0,04","0,2","5,5",,,,"7,1",,,
Лосось соленый,100,"21,00","20,50","0,00",269,рыба,,,,,,,,,,,,,,
Лук зеленый (перо),100,"1,30","0,00","3,50",19,овощи,,,,,,,,,,,,,,
Лук порей,100,"2,00","0,00","6,50",33,овощи,,,,,,,,,,,,,,
Лук репчатый,100,"1,40","0,00","9,10",41,овощи,,,,,,,,,,,,,,
Лукум сбивной,100,"0,80","0,70","79,40",316,сладости,,,,,,,,,,,,,,
Мадера 18% алкоголя,100,"0,00","0,00","10,00",139,алкоголь,,,,,,,,,,,,,,
Майонез Провансаль,100,"2,40","67,00","3,90",627,прочее,,,,,,,,,,,,,,
"Макароны ""Топинамбурные"" (МакМастер)",100,"10,80","1,20","66,90",318,мучное,,,,,"0,24","0,1",2,,,,,,,
"Макароны ""Целеб"" ржаные",100,"9,00","1,70","62,60",307,мучное,,,,,"0,35","0,13",1,,,,,,,
Макароны 1-го сорта,100,"10,70","1,30","68,40",335,мучное,,,,,,,,,,,,,,
Макароны высшего сорта,100,"10,40","1,10","69,70",337,мучное,,,,,,,,,,,,,,
Макароны жареные,100,"4,20","6,40","25,00",176,мучное,,,,,,,,,,,,,,
Макароны отварные,100,"4,10","0,40","19,00",98,мучное,,,,,,,,,,,,,,
Макароны яичные,100,"11,30","2,10","68,00",345,мучное,,,,,,,,,,,,,,
Макрель,100,"22,80","3,60","0,00",124,рыба,,,,,,,,,,,,,,
Малина,100,"0,80","0,30","8,30",42,ягоды,,,,,,,,,,,,,,
Манго,100,"0,50","0,27","11,50",67,фрукты,,389,"1,12E-03",,,,,,,,,,,
Мандарин,100,"0,80","0,20","7,50","33,1",фрукты,38,60,"0,2",,"0,06","0,03","0,2",,,"7,00E-02",,,,
Мандариновый сок,100,"0,80","0,00","9,00",43,соки,,,,,,,,,,,,,,
Маргарин Молочный,100,"0,30","82,00","17,40",743,масла,,,,,,,,,,,,,,
Маргарин Славянский,100,"0,50","82,00","0,00",745,масла,,,,,,,,,,,,,,
Маргарин Сливочный,100,"0,30","82,00","21,00",743,масла,,,,,,,,,,,,,,
Маргарин Солнечный,100,"0,30","72,00","0,00",653,масла,,,,,,,,,,,,,,
Маргарин Экстра,100,"0,50","82,00","22,60",744,масла,,,,,,,,,,,,,,
Маргарин Эра,100,"0,30","82,00","0,00",743,масла,,,,,,,,,,,,,,
Мармелад фруктово-ягодный,100,"0,40","0,00","76,00",293,сладости,,,,,,,,,,,,,,
Масло арахисовое рафинир.,100,"0,00","99,90","0,00",899,масла,,,,,,,,,,,,,,
Масло горчичное,100,"0,00","99,80","0,00",898,масла,,,,,,,,,,,,,,
Масло грецкого ореха,100,"0,00","99,80","0,00",898,масла,,,42,,,,,,,,,,,
Масло конопляное рафинир.,100,"0,00","99,85","0,00",899,масла,,,,,,,,,,,,,,
Масло крестьянское несоленое,100,"0,80","72,50","0,00",661,масла,,,,,,,,,,,,,,
Масло кукурузное,100,"0,00","99,90","0,00",899,масла,,,,,,,,,,,,,,
Масло кунжутное,100,"0,00","99,80","0,00",898,масла,,,"1,20E-02",,,,,,,,,,,
Масло любительское несоленое,100,"0,70","78,00","0,00",709,масла,,,,,,,,,,,,,,
Масло оливковое,100,"0,00","99,80","0,00",898,масла,,,,,,,,,,,,,,
Масло подсолнечное,100,"0,00","99,90","0,00",899,масла,,,,,,,,,,,,,,
Масло рапсовое рафинир.,100,"0,00","99,85","0,00",899,масла,,,,,,,,,,,,,,
Масло расторопши,100,"0,00","99,80","0,00",898,масла,,,30,,,,,,,,,,,
Масло ростков пшеницы,100,"0,00","99,80","0,00",898,масла,,20000,200,1666,,,,,16,,3000,,,
Масло сливочное,100,"0,70","82,00","0,70","743,6",масла,,,"1,20E-02",,,,,,,,,,,
Масло сливочное бутербродное,100,"2,50","61,50","0,00",566,масла,,,,,,,,,,,,,,
Масло сливочное вологодское,100,"0,50","82,50","0,00",748,масла,,,,,,,,,,,,,,
Масло сливочное несоленое,100,"0,50","82,50","0,00",748,масла,,,,,,,,,,,,,,
Масло соевое рафинир.,100,"0,00","99,90","0,00",899,масла,,,,,,,,,,,,,,
Масло топленое,100,"0,30","98,00","0,00",887,масла,,,,,,,,,,,,,,
Масло хлопковое рафинир.,100,"0,00","99,90","0,00",899,масла,,,,,,,,,,,,,,
Маслята,100,"2,40","0,70","0,50",9,грибы,,,,,,,,,,,,,,
Масса творожная особая,100,"7,10","23,00","27,50",341,сладости,,,,,,,,,,,,,,
Мед,100,"0,80","0,00","80,30",314,сладости,"2,00",,,,"0,01","0,03","0,2",,"0,1","0,1",15,,,"0,04"
Меланж,100,"12,70","11,50","0,70",157,сладости,,,,,,,,,,,,,,
Мидии,100,"9,10","1,50","0,00",50,рыба,,,,,,,,,,,,,,
Миндаль,100,"18,60","57,70","20,50",649,орехи,"1,50","200,00","3,90",,"0,3","0,6","0,04",,,"0,3",40,,,
Минтай,100,"17,60","1,00","0,00",79,рыба,,,,,,,,,,,,,,
Мозги говяжьи,100,"11,70","8,60","0,00",124,мясо,,,,,,,,,,,,,,
молоко 0.5% ДвД,100,"3,00","0,50","4,90","36,1",молочные,"1,30",120,"2,00E-03",1,"0,04","0,2","0,4","23,6",,"0,06",5,"0,4",,"3,2"
молоко 0.5% Пармалат,100,"3,00","0,50","4,80",35,молочные,"1,30",120,"2,00E-03",1,"0,04","0,2","0,4","23,6",,"0,06",5,"0,4",,"3,2"
молоко 1.5% ДвД,100,"3,00","1,50","4,80","44,7",молочные,"1,30",120,"2,00E-03",1,"0,04","0,2","0,4","23,6",,"0,06",5,"0,4",,"3,2"
Молоко 1.5%-ной жирн.,100,"2,85","1,50","4,78",44,молочные,,,,,,,,,,,,,,
Молоко 2.5%-ной жирн.,100,"2,82","2,50","4,73",52,молочные,,,,,,,,,,,,,,
Молоко 3.2%-ной жирн.,100,"2,80","3,20","4,70",58,молочные,,,,,,,,,,,,,,
молоко 3.5% ДвД,100,"3,00","3,50","4,70","62,3",молочные,"1,30",120,"2,00E-03",1,"0,04","0,2","0,4","23,6",,"0,06",5,"0,4",,"3,2"
Молоко 3.5%-ной жирн.,100,"2,79","3,50","4,69",61,молочные,,,,,,,,,,,,,,
Молоко 6 %-ной жир.,100,"3,00","6,00","4,70",84,молочные,,,,,,,,,,,,,,
Молоко обезжиренное,100,"3,00","0,05","4,70",31,молочные,,,,,,,,,,,,,,
Молоко сгущ. без сахара,100,"7,00","8,30","9,50",140,молочные,,,,,,,,,,,,,,
Молоко сгущ. с сахаром,100,"7,20","8,50","56,00",320,сладости,,,,,,,,,,,,,,
Молоко сгущ. с сахаром нежирное,100,"11,00","0,50","58,50",272,молочные,,,,,,,,,,,,,,
Молоко соевое 1.5% (ДакгоМЗ),100,"3,00","1,50","4,00","41,5",молочные,,,,,,,,,,,,,,
Молоко сухое обезжиренное,100,"37,90","1,00","49,30",350,молочные,,,,,,,,,,,,,,
Молоко сухое цельное,100,"26,00","25,00","37,50",476,молочные,,,,,,,,,,,,,,
Молочная лапша,100,"2,20","1,40","8,40",59,мучное,,,,,,,,,,,,,,
"мор.ов. ""Summer mix"" (Ardo)",100,"0,60","0,40","4,40",22,морож. овощи,,,,,,,,,,,,,,
"мор.ов. ""Борщ украинский"" (Хортино)",100,"1,40","0,20","7,30",28,морож. овощи,,,,,,,,,,,,,,
"мор.ов. ""Весенний овощной букет"" (Хортекс)",100,"2,80","0,30","7,50",29,морож. овощи,,,,,,,,,,,,,,
"мор.ов. ""Весенняя"" (ов.смесь Бондюэль)",100,"2,60","0,50","4,50",33,морож. овощи,,,,,,,,,,,,,,
"мор.ов. ""Грибной"" (Бондюэль)",100,"0,30","0,30","6,00",22,морож. овощи,,,,,,,,,,,,,,
"мор.ов. ""Гювеч"" (4 сезона)",100,"1,40","0,10","5,20",29,морож. овощи,"65,60",,"0,80",,,,,,,,,,,
"мор.ов. ""Из цветной капусты"" (Хортекс)",100,"2,00","0,20","5,50",21,морож. овощи,,,,,,,,,,,,,,
"мор.ов. ""Итальянский"" (Хортекс)",100,"1,80","0,30","6,90",26,морож. овощи,,,,,,,,,,,,,,
"мор.ов. ""Китайская смесь"" (4 сезона)",100,"2,20","1,10","3,90",34,морож. овощи,"40,90",,"0,20",,,,,,,,,,,
"мор.ов. ""Кускус"" (Овощной мир)",100,"1,20","0,00","5,90","28,4",морож. овощи,"25,20",,,,,,,,,,,,,
"мор.ов. ""Лечо"" (Хортекс)",100,"1,10","0,30","4,80",21,морож. овощи,,,,,,,,,,,,,,
"мор.ов. ""Лечо"" (Эликом)",100,"1,30","0,20","7,70",38,морож. овощи,"55,00","3200,00",,,"0,35","0,33",,,,"0,23",,,,
"мор.ов. ""Овощи для супа"" (Хортино)",100,"1,50","0,30","7,90",25,морож. овощи,,,,,,,,,,,,,,
"мор.ов. ""Овощное рагу"" (4 сезона)",100,"0,50","0,10","8,78",38,морож. овощи,"3,6",1300,,,,,,,,,,,,
"мор.ов. ""Осенний"" (Хортекс)",100,"1,60","0,20","7,20",27,морож. овощи,,,,,,,,,,,,,,
"мор.ов. ""Президентский"" (Хортекс)",100,"1,30","0,30","5,90",22,морож. овощи,,,,,,,,,,,,,,
Морковь желт.,100,"1,30","0,10","6,20",50,овощи,,,,,,,,,,,,,,
Морковь красная,100,"1,30","0,10","7,20",34,овощи,"5,00",2813,,,,,,,,"0,13",9,,"1,20E-02",
Морковь отварная,100,"1,20","0,10","6,10",29,овощи,,,,,,,,,,,,,,
Мороженое молочное,100,"3,70","3,50","21,30","126,2",сладости,"0,60","90,00","0,30","0,02","0,03","0,2","0,10",,"0,3","7,00E-02",5,"0,3",,"2,2"
Мороженое молочное крем-брюле,100,"3,50","3,50","23,10",134,сладости,,,,,,,,,,,,,,
Мороженое молочное шоколадное,100,"4,20","3,50","23,00",138,сладости,,,,,,,,,,,,,,
Мороженое сливочное,100,"3,70","10,00","19,40","177,6",сладости,"0,60","90,00","0,30","0,02","0,03","0,2","0,10",,"0,3","7,00E-02",5,"0,3",,"2,2"
Мороженое сливочное,100,"3,30","10,00","19,80",179,сладости,,,,,,,,,,,,,,
Мороженое сливочное крем-брюле,100,"3,50","10,00","21,60",186,сладости,,,,,,,,,,,,,,
Мороженое сливочное шоколадное,100,"3,50","10,00","21,50",188,сладости,,,,,,,,,,,,,,
Морошка,100,"0,80","0,00","6,00",28,ягоды,,,,,,,,,,,,,,
Морская капуста,100,"0,90","0,20","0,00",5,прочее,,,,,,,,,,,,,,
Мука гречневая,100,"13,60","1,20","73,70",367,мучное,,,,,,,,,,,,,,
Мука кукурузная (диетическая),100,"7,20","1,50","70,20",330,мучное,,,,,,,,,,,,,,
Мука пшеничная 1-го сорта,100,"10,60","1,30","67,60",331,мучное,,,,,,,,,,,,,,
Мука пшеничная 2-го сорта,100,"11,70","1,80","63,70",324,мучное,,,,,,,,,,,,,,
Мука пшеничная высшего сорта,100,"10,30","1,10","68,90",334,мучное,,,,,,,,,,,,,,
Мука пшеничная обойная,100,"11,50","2,20","56,80",298,мучное,,,,,,,,,,,,,,
Мука ржаная обдирная,100,"8,90","1,70","60,20",298,мучное,,,,,,,,,,,,,,
Мука ржаная обойная,100,"10,70","1,90","56,80",293,мучное,,,,,,,,,,,,,,
Мука рисовая (диетическая),100,"7,40","0,60","82,00",371,мучное,,,,,,,,,,,,,,
Мышечный желудок кур,100,"21,00","6,40","0,60",130,мясо,,,,,,,,,,,,,,
"Мюсли ""Ягодная поляна"" (Фруктовница)",100,"8,50","1,60","62,60","298,8",сладости,,,,,,,,,,,,,,
Мюсли Гренола яблочные с корицей,100,"3,00","6,56","19,00",147,сладости,,,,,,,,,,,,,,
Мясо в белом соусе,100,"18,00","12,80","3,80",202,мясо,,,,,,,,,,,,,,
Налим,100,"21,40","0,70","0,00",92,рыба,,,,,,,,,,,,,,
Нерка красная,100,"18,80","10,50","0,00",170,рыба,,,,,,,,,,,,,,
Нут сушеный,100,"20,10","4,30","46,40",309,"каши, крупы",,,,,,,,,,,,,,
Облепиха,100,"0,90","2,50","5,00",52,ягоды,,,,,,,,,,,,,,
Овсяная крупа,100,"11,00","6,10","49,70",303,"каши, крупы",,,,,,,,,,,,,,
Огурцы грунтовые,100,"0,80","0,10","2,60",14,овощи,,,"1,50E-04",,,,,,,"0,04",4,,"6,00E-03",
Огурцы парниковые,100,"0,70","0,10","1,90",11,овощи,,,,,,,,,,,,,,
Огурцы соленые,100,"0,80","0,10","1,60",13,овощи,,,,,,,,,,,,,,
Окорок тамбовский,100,"14,30","25,60","0,00",288,мясо,,,,,,,,,,,,,,
Окорочка жареные,100,"29,40","8,60","0,00",195,мясо,,,,,,,,,,,,,,
Окрошка мясная (с квасом),100,"2,10","1,70","6,30",52,смеш.блюда,,,,,,,,,,,,,,
Окрошка на кефире,100,"3,10","1,90","4,30",47,смеш.блюда,,,,,,,,,,,,,,
Окунь морской,100,"19,90","3,60","0,00",112,рыба,,,,,,,,,,,,,,
Окунь морской (балычок),100,"26,40","10,40","0,00",199,рыба,,,,,,,,,,,,,,
Окунь морской гор.копч.,100,"23,50","9,00","0,00",175,рыба,,,,,,,,,,,,,,
Окунь морской тушка,100,"18,20","3,30","1,30","107,7",рыба,,,,,,,,,,,,,,
Окунь речной филе,100,"18,50","0,90","0,00","82,1",рыба,,,,,,,,,,,,,,
Оладьи,100,"0,70","6,60","40,00",225,мучное,,,,,,,,,,,,,,
Оливки зеленые маринованные,100,"1,40","12,70","1,30",123,прочее,,,,,,,,,,,,,,
оливки с анчоусом,100,"1,20","16,40","4,80",172,прочее,,,,,,,,,,,,,,
Оливки черные консервированные,100,"2,20","36,00","8,70",361,прочее,,,,,,,,,,,,,,
Омлет,100,"9,60","15,40","1,90",184,яйца,,,,,,,,,,,,,,
Опята,100,"2,20","1,20","0,50",17,грибы,,,,,,,,,,,,,,
Орехи грецкие,100,"15,60","62,00","18,30",700,орехи,,,,,,,,,,,,,,
Орехи кешью жареные с медом и кунжутом,100,"9,90","49,10","20,00",562,орехи,,,,,,,,,,,,,,
Осетр,100,"16,40","10,60","0,60",163,рыба,,,,,,,,,,,,,,
Осетр в томатн.соусе,100,"14,70","12,00","3,40",181,рыба,,,,,,,,,,,,,,
осетр натуральный,100,"15,00","28,00","6,00",336,рыба,,,,,,,,,,,,,,
"отруби ""Здравица"" с бета-каротином",100,"17,50","3,90","60,60","347,5",прочее,,,"1,50E-03",,,,,,,,,,,
отруби лимонные,100,"15,00","3,50","35,00",212,прочее,,,"1,50E-03",,,,,,,,,,,
отруби пшеничные,100,"15,00","3,50","15,00",155,прочее,,,"1,50E-03",,,,,,,,,,,
отруби ржаные,100,"15,00","3,50","15,00",155,прочее,,,"1,50E-03",,,,,,,,,,,
отруби с корицей,100,"15,00","3,50","35,00",212,прочее,,,"1,50E-03",,,,,,,,,,,
отруби с морковью,100,"15,00","3,50","35,00",212,прочее,,,"1,50E-03",,,,,,,,,,,
отруби с морской капустой,100,"15,00","3,50","30,00",196,прочее,,,"1,50E-03",,,,,,,,,,,
отруби с топинамбуром,100,"14,00","3,00","35,00",212,прочее,,,"1,50E-03",,,,,,,,,,,
отруби с яблоком,100,"15,00","3,50","35,00",212,прочее,,,"1,50E-03",,,,,,,,,,,
отруби со свеклой,100,"15,00","3,50","35,00",212,прочее,,,"1,50E-03",,,,,,,,,,,
Охотничьи колбаски,100,"25,70","40,00","0,00",463,колбаса,,,,,,,,,,,,,,
Палтус,100,"14,00","17,80","0,00",216,рыба,,,,,,,,,,,,,,
Папайя,100,"0,60","0,10","9,20",48,фрукты,,,,,,,,,,,,,,
Паста Океан,100,"13,60","4,20","0,00",92,рыба,,,,,,,,,,,,,,
Пастила,100,"0,50","0,00","80,40",310,сладости,,,,,,,,,,,,,,
Патиссоны,100,"0,60","0,10","4,10",19,овощи,,,,,,,,,,,,,,
Пахта,100,"3,30","1,00","4,70",40,молочные,,,,,,,,,,,,,,
Паштет печеночный,100,"11,60","28,90","2,50",317,мясо,,,,,,,,,,,,,,
Пельмени отварные,100,"10,00","14,00","14,50",224,смеш.блюда,,,,,,,,,,,,,,
Перец зеленый сладкий,100,"1,30","0,00","5,30",26,овощи,,,,,,,,,,,,,,
Перец красный сладкий,100,"1,30","0,00","5,30",27,овощи,"250,00","1500,00",,,,,,,,"0,5",17,,,
Перец сладкий мороженный (4 сезона),100,"1,30","0,00","5,40",27,овощи,"243,00","1500,00",,,,,,,,"0,5",17,,,
Персики,100,"0,90","0,10","9,50",43,фрукты,"10,00","74,00","1,50",,"0,04","0,08","0,7",,"0,2","0,06",8,,,"1,5"
Персики сушеные (курага),100,"3,00","0,00","54,50",227,сухофрукты,,,,,,,,,,,,,,
Персиковый сок,100,"0,30","0,00","17,00",66,соки,,,,,,,,,,,,,,
Петрушка (зелень),100,"3,70","0,40","8,00",49,овощи,,,,,,,,,,,,,,
Петрушка (корень),100,"1,50","0,60","10,50",53,овощи,,,,,,,,,,,,,,
Печень говяжья,100,"17,40","3,10","0,00","97,5",мясо,,3200,,,,,,,,,,,,
Печень кур,100,"20,40","5,90","1,40",140,мясо,,,,,,,,,,,,,,
Печень свиная,100,"18,80","3,80","0,00",109,мясо,,,,,,,,,,,,,,
Печень трески,100,"4,20","65,70","1,20",613,рыба,,,,,,,,,,,,,,
Печенье затяжное,100,"8,30","8,80","75,60",418,сладости,,,,,,,,,,,,,,
Печенье сахарное,100,"7,50","11,80","74,40",436,сладости,,,,,,,,,,,,,,
Печенье сдобное,100,"10,40","5,20","76,80",458,сладости,,,,,,,,,,,,,,
Пиво 1.8% алкоголя,100,"0,20","0,00","4,30",29,алкоголь,,,,,,,,,,,,,,
Пиво 2.8% алкоголя,100,"0,40","0,00","4,40",34,алкоголь,,,,,,,,,,,,,,
Пиво 4.5% алкоголя,100,"0,60","0,00","10,60","44,8",алкоголь,,,,,,,,,,,,,,
Пиво 4.5% алкоголя,100,"0,60","0,00","3,80",45,алкоголь,,,,,,,,,,,,,,
Пирог с мясом,100,"13,20","7,50","41,20",284,смеш.блюда,,,,,,,,,,,,,,
Пирог с повидлом,100,"5,30","2,10","61,00",284,сладости,,,,,,,,,,,,,,
Пирожное бисквитное с фруктовой начинкой,100,"4,70","9,30","64,20",351,сладости,,,,,,,,,,,,,,
Пирожное заварное,100,"5,90","10,20","55,20",329,сладости,,,,,,,,,,,,,,
Пирожное крошковое,100,"6,10","23,80","51,40",438,сладости,,,,,,,,,,,,,,
Пирожное песочное с фруктовой начинкой,100,"5,10","18,50","62,60",435,сладости,,,,,,,,,,,,,,
Пирожное слоеное с кремом,100,"5,40","38,60","46,40",555,сладости,,,,,,,,,,,,,,
Пирожное слоеное с фруктовой начинкой,100,"5,70","25,60","52,70",466,сладости,,,,,,,,,,,,,,
Пломбир,100,"3,20","15,00","20,80",227,сладости,,,,,,,,,,,,,,
Пломбир крем-брюле,100,"3,00","15,00","23,00",235,сладости,,,,,,,,,,,,,,
Пломбир шоколадный,100,"3,60","15,00","22,30",236,сладости,,,,,,,,,,,,,,
Плюшка московская,100,"7,60","8,90","55,90",336,сладости,,,,,,,,,,,,,,
Повидло сливовое,100,"0,40","0,00","60,00",240,сладости,,,,,,,,,,,,,,
Повидло яблочное,100,"0,40","0,00","65,30",250,сладости,,,,,,,,,,,,,,
Подберезовики,100,"2,30","0,90","1,40",23,грибы,,,,,,,,,,"0,3",,,,
Подберезовики сушеные,100,"23,50","9,20","14,30",231,грибы,,,,,,,,,,,,,,
Подосиновики,100,"3,30","0,50","1,20",22,грибы,,,,,,,,,,,,,,
Подосиновики сушеные,100,"35,40","5,40","12,90",239,грибы,,,,,,,,,,,,,,
Пончики,100,"5,60","13,00","38,80",296,сладости,,,,,,,,,,,,,,
Портвейн 20%алкоголя,100,"0,00","0,00","13,70",167,алкоголь,,,,,,,,,,,,,,
Почки говяжьи,100,"15,20","2,80","0,00",86,мясо,,,,,,,,,,,,,,
Почки свиные,100,"15,00","3,60","0,00",92,мясо,,,,,,,,,,,,,,
Простокваша,100,"2,80","3,20","4,10",58,молочные,,,,,,,,,,,,,,
Пряники,100,"4,80","2,80","77,70",350,сладости,,,,,,,,,,,,,,
Пунш 26% алкоголя,100,"0,00","0,00","30,00",260,алкоголь,,,,,,,,,,,,,,
Пшеничная каша (Myllyn Paras),100,"13,00","2,00","62,50",325,"каши, крупы",,,"1,4",,"0,2","0,1",,,,,,,"3,00E-03",
Пшенная каша (Myllyn Paras),100,"11,20","3,90","55,30",305,"каши, крупы",,,"0,3",,"0,3","0,1",,,,,,,"9,00E-04",
Пшено,100,"11,50","3,30","66,50",348,"каши, крупы",,,,,,,,,,,,,,
Пюре яблочное,100,"0,60","0,10","19,20",78,сладости,,,,,,,,,,,,,,
Рассольник домашний,100,"1,10","1,70","6,40",46,супы,,,,,,,,,,,,,,
Рассольник ленинградский,100,"1,20","1,80","7,20",50,супы,,,,,,,,,,,,,,
Ревень,100,"0,70","0,10","2,50",16,овощи,,,,,,,,,,,,,,
редис,100,"1,20","0,10","3,40","19,3",овощи,,,,,,,,,,,,,,
Редька,100,"1,90","0,20","6,50",35,овощи,,,,,,,,,,,,,,
Редька зеленая,100,"1,90","0,20","6,70","34,5",овощи,,,,,,,,,,,,,,
Репа,100,"1,50","0,10","6,20","30,1",овощи,,,,,,,,,,,,,,
Рис коричневый,100,"6,30","4,40","65,10",331,"каши, крупы",,,,,,,,,,"0,18",19,,,
Рис полированный,100,"7,00","1,00","71,40",330,"каши, крупы",,,,,,,,,,,,,,
Рис рассыпчатый (т.е. вареный),100,"2,40","0,20","24,90",113,"каши, крупы",,,,,,,,,,,,,,
Рис черный Мистраль,100,"14,00","0,50","72,00",349,"каши, крупы",,,,,,,,,,,,,,
Рожки обсыпные,100,"7,80","5,60","57,20",314,сладости,,,,,,,,,,,,,,
Ром 40% алкоголя,100,"0,00","0,00","0,00",220,алкоголь,,,,,,,,,,,,,,
Российский плавленый сыр,100,"22,00","27,00","0,00",340,сыры,,,,,,,,,,,,,,
рыбий жир в капсулах,100,"0,00","100,00","0,00",856,масла,,,,,,,,,,,,,,
Рыжики,100,"1,90","0,80","0,50",17,грибы,,,,,,,,,,,,,,
Рябина садовая,100,"1,40","0,10","8,60",46,ягоды,,,,,,,,,,,,,,
Рябина черноплодная,100,"1,50","0,10","10,90",52,ягоды,,,,,,,,,,,,,,
Ряженка 6 %-ной жирн.,100,"5,00","6,00","4,10",84,молочные,,,,,,,,,,,,,,
Ряженка из Простоквашино (Петмол),100,"3,00","4,00","4,60",70,молочные,"0,30","30,00",,,"0,02","0,1","0,1",,,,,,,
Ряженка Останкинская,100,"3,20","2,50","4,20",55,молочные,"0,30","30,00",,,"0,02","0,1","0,1",,,,,,,
Ряженка Очаковская 4%,100,"3,00","4,00","4,60",70,молочные,"0,30","30,00",,,"0,02","0,1","0,1",,,,,,,
Сазан в томатн.соусе,100,"12,40","8,70","4,10",145,рыба,,,,,,,,,,,,,,
Сайра бланшировання в масле,100,"18,30","23,30","0,00",283,рыба,,,,,,,,,,,,,,
Салака,100,"22,00","7,20","0,00",153,рыба,,,,,,,,,,,,,,
Салака в томатн.соусе,100,"17,00","4,00","3,40",118,рыба,,,,,,,,,,,,,,
Салака гор.копч.,100,"25,40","5,60","0,00",152,рыба,,,,,,,,,,,,,,
Салат,100,"1,50","0,20","2,30",17,овощи,,,,,,,,,,,,,,
Салат кочанный,100,"1,40","0,20","0,80","10,6",овощи,,,,,,,,,,,,,,
Сардельки говяжьи,100,"11,40","18,20","1,50",215,колбаса,,,,,,,,,,,,,,
Сардельки свиные,100,"10,10","31,60","1,90",332,колбаса,,,,,,,,,,,,,,
Сардина,100,"20,10","10,80","0,00",178,рыба,,,,,,,,,,,,,,
Сардины (ломтики) в масле,100,"17,90","19,70","0,00",249,рыба,,,,,,,,,,,,,,
Сахар (песок),100,"0,00","0,00","99,80",379,сладости,,,,,,,,,,,,,,
Сахар-рафинад,100,"0,00","0,00","99,90",379,сладости,,,,,,,,,,,,,,
Свекла,100,"1,50","0,10","9,10",42,овощи,,,,,,,,,,,,,,
Свекла натур.,100,"1,20","0,00","6,90",31,овощи,,,,,,,,,,,,,,
Свекла отварная,100,"1,80","0,00","10,80",49,овощи,,,,,,,,,,,,,,
Свекла сырая,100,"1,50","0,10","8,80","39,9",овощи,,,,,,,,,,,,,,
Свекольник,100,"2,90","5,20","9,80",98,супы,,,,,,,,,,,,,,
Свинина жирная,100,"8,00","61,30","0,00",584,мясо,,,,,,,,,,,,,,
Свинина отварная,100,"22,60","51,60","0,00",375,мясо,,,,,,,,,,,,,,
Свинина тушеная,100,"14,90","32,20","0,00",349,мясо,,,,,,,,,,,,,,
Сдоба выборгская с маком,100,"7,50","5,20","55,50",304,сладости,,,,,,,,,,,,,,
Сдоба выборгская с повидлом,100,"6,50","4,20","57,10",293,сладости,,,,,,,,,,,,,,
Сдоба донская,100,"8,00","5,30","52,00",292,сладости,,,,,,,,,,,,,,
Сдоба обыкновенная,100,"8,00","5,30","53,70",299,сладости,,,,,,,,,,,,,,
Севрюга в томатн.соусе,100,"16,10","11,50","2,80",179,рыба,,,,,,,,,,,,,,
Сельдерей (зелень),100,"0,00","0,00","2,00",8,овощи,,,,,,,,,,,,,,
Сельдерей (корень),100,"1,30","0,30","6,10",32,овощи,,,,,,,,,,,,,,
Сельдь атлантическая соленая,100,"17,00","8,50","0,00",145,рыба,,,,,,,,,,,,,,
Сельдь иваси соленая,100,"17,50","11,40","0,00",173,рыба,,,,,,,,,,,,,,
Сельдь тихоокеанская жирная хол.копч.,100,"20,30","16,00","0,00",225,рыба,,,,,,,,,,,,,,
Семга соленая,100,"22,50","12,50","0,00","202,5",рыба,,,,,,,,,,,,,,
Семга стейк мороженый,100,"22,50","10,50","0,00","184,5",рыба,,,,,,,,,,,,,,
Семечки подсолнечника,100,"20,70","52,90","5,00","577,7",орехи,,,,,"1,8","0,2","10,1",,,,,,,
Семечки подсолнуха сушеные,100,"23,00","49,50","18,80",610,орехи,,,,,,,,,,,,,,
Семечки тыквы сушеные,100,"24,50","46,00","17,80",580,орехи,,,,,,,,,,,,,,
Сердце говяжье,100,"16,00","3,50","0,00",96,мясо,,,,,,,,,,,,,,
Сердце кур,100,"15,80","10,30","0,80",159,мясо,,,,,,,,,,,,,,
Сердце свиное,100,"16,20","4,00","0,00",101,мясо,,,,,,,,,,,,,,
Скумбрия,100,"19,60","14,70","0,00",211,рыба,,,,,,,,,,,,,,
Скумбрия в масле,100,"13,10","25,10","0,00",278,рыба,,,,,,,,,,,,,,
Скумбрия хол.копч.,100,"23,40","6,40","0,00",150,рыба,,,,,,,,,,,,,,
Сладкий картофель,100,"2,00","0,00","13,30",61,овощи,,,,,,,,,,,,,,
Слива садовая,100,"0,80","0,00","9,60",43,фрукты,,,,,,,,,,,,,,
Сливки 10 %-ной жир.,100,"3,00","10,00","4,00",118,молочные,,,,,,,,,,,,,,
Сливки 20 %-ной жир.,100,"2,80","20,00","3,70",206,молочные,,,,,,,,,,,,,,
Сливки 35 %-ной жир.,100,"2,50","35,00","3,00",337,молочные,,,,,,,,,,,,,,
Сливки взбитые с ванилью,100,"2,80","28,00","21,60",346,сладости,,,,,,,,,,,,,,
Сливки сгущ. с сахаром,100,"8,00","19,00","47,00",382,сладости,,,,,,,,,,,,,,
Сливки сухие Сопью Крима,100,"2,20","35,00","57,50",611,прочее,,,,,,,,,,,,,,
Сливовый сок,100,"0,30","0,00","16,10",66,соки,,,,,,,,,,,,,,
Сметана 10 %-ной жир.,100,"3,00","10,00","2,90",115,молочные,,,,,,,,,,,,,,
"сметана 15% ""Домик в деревне""",100,"2,60","15,00","3,60","159,8",молочные,,"100,00",,,,"0,1",,,,,,,,
Сметана 20 %-ной жир.,100,"2,80","20,00","3,20",206,молочные,,,,,,,,,,,,,,
Сметана 25 %-ной жир.,100,"2,60","25,00","2,70",248,молочные,,,,,,,,,,,,,,
Сметана 30 %-ной жир.,100,"2,40","30,00","3,10",294,молочные,,,,,,,,,,,,,,
сметана 42% Валио,100,"2,00","42,00","2,50",396,молочные,,"100,00",,,,"0,1",,,,,,,,
Смородина белая,100,"0,30","0,00","8,00",38,ягоды,,,,,,,,,,,,,,
Смородина красная,100,"0,60","0,20","7,30",39,ягоды,,,,,,,,,,,,,,
Смородина черная,100,"1,00","0,40","7,30","36,8",ягоды,,,,,,,,,,,,,,
Сморчки,100,"2,90","0,40","0,20",16,грибы,,,,,,,,,,,,,,
Соевое мясо,100,"53,30","1,90","30,00",308,прочее,,,,,,,,,,,,,,
"сок ""Перец красный"" (8 овощей)",100,"0,60","0,00","3,50","16,4",соки,,,,,,,,,,,,,,
Сок морковный,100,"1,10","0,10","5,80",28,соки,,,,,,,,,,,,,,
Сок свекольный,100,"1,00","0,00","9,90",42,соки,,,,,,,,,,,,,,
Сок томатный,100,"1,00","0,00","3,50",19,соки,,,,,,,,,,,,,,
Соломка сладкая,100,"9,70","6,00","69,20",373,сладости,,,,,,,,,,,,,,
Солянка овоще-грибная из свежей капусты,100,"3,60","7,00","7,10",106,овощи,,,,,,,,,,,,,,
Солянка овощная из квашеной капусты,100,"3,30","10,50","6,60",134,овощи,,,,,,,,,,,,,,
Сом,100,"18,40","13,60","0,00",196,рыба,,,,,,,,,,,,,,
Сом в томатн.соусе,100,"12,90","6,30","4,30",126,рыба,,,,,,,,,,,,,,
Сосиски говяжьи,100,"10,40","20,10","0,80",226,колбаса,,,,,,,,,,,,,,
Сосиски любительские,100,"9,00","29,50","0,70",304,колбаса,,,,,,,,,,,,,,
Сосиски молочные,100,"11,00","23,90","1,60",266,колбаса,,,,,,,,,,,,,,
Сосиски особые,100,"11,80","24,70","0,00",270,колбаса,,,,,,,,,,,,,,
Сосиски русские,100,"11,30","22,00","0,00",243,колбаса,,,,,,,,,,,,,,
"Соус ""Кетчуп паприкаш"" (Calve)",100,"0,10","0,10","20,00","81,3",прочее,,,,,,,,,,,,,,
"Соус ""Кисло-сладкий"" для мяса (Calve)",100,"0,20","0,10","22,40","91,3",прочее,,,,,,,,,,,,,,
Соус кубанский,100,"2,60","0,00","22,20",99,прочее,,,,,,,,,,,,,,
Соус томатный острый,100,"2,50","0,00","21,80",98,прочее,,,,,,,,,,,,,,
Соус яблочный,100,"0,40","0,00","19,40",77,прочее,,,,,,,,,,,,,,
Соя сушеная,100,"34,90","17,30","9,20",332,прочее,,,,,,,,,,,,,,
Спаржа,100,"1,90","0,10","3,20",21,овощи,,,,,,,,,,,,,,
Ставрида,100,"20,60","5,60","0,00",133,рыба,,,,,,,,,,,,,,
Ставрида в томатн.соусе,100,"14,80","2,30","7,30",110,рыба,,,,,,,,,,,,,,
Ставрида обжаренная в масле,100,"15,60","27,40","0,00",309,рыба,,,,,,,,,,,,,,
Ставрида хол.копч.,100,"17,10","2,80","0,00",94,рыба,,,,,,,,,,,,,,
Студень из говяжьих ножек,100,"6,00","4,00","0,00",60,мясо,,,,,,,,,,,,,,
Судак,100,"21,30","1,30","0,00",97,рыба,,,,,,,,,,,,,,
Судак в томатн.соусе,100,"14,00","5,30","3,70",119,рыба,,,,,,,,,,,,,,
Сулугуни,100,"19,50","22,00","0,00",285,сыры,,,,,,,,,,,,,,
Суп картофельный,100,"1,10","1,10","8,50",49,супы,,,,,,,,,,,,,,
Суп картофельный с бобовыми,100,"2,60","2,20","8,30",54,супы,,,,,,,,,,,,,,
Суп картофельный с грибами,100,"1,00","1,00","6,70",41,супы,,,,,,,,,,,,,,
Суп картофельный с крупой,100,"1,30","1,20","9,50",54,супы,,,,,,,,,,,,,,
Суп картофельный с макаронными изделиями,100,"1,30","1,00","8,40",48,супы,,,,,,,,,,,,,,
Суп крестьянский,100,"1,00","2,10","4,80",42,супы,,,,,,,,,,,,,,
Суп овощной,100,"1,10","1,70","4,60",38,супы,,,,,,,,,,,,,,
Суп овощной с фасолью,100,"1,60","2,10","5,20",46,супы,,,,,,,,,,,,,,
Суп рисовый с мясом,100,"0,70","1,10","5,20",34,супы,,,,,,,,,,,,,,
Суп с бобовыми,100,"3,40","2,20","1,40",66,супы,,,,,,,,,,,,,,
Суп с макаронными изделиями,100,"1,40","2,10","5,90",48,супы,,,,,,,,,,,,,,
Сухари с изюмом,100,"8,50","5,50","69,90",363,сладости,,,,,,,,,,,,,,
Сухой белок,100,"82,40","1,80","7,20",375,яйца,,,,,,,,,,,,,,
Сухой желток,100,"51,10","52,20","4,70",613,яйца,,,,,,,,,,,,,,
Сушки новые,100,"9,60","6,60","69,20",380,мучное,,,,,,,,,,,,,,
Сушки простые,100,"10,90","1,30","68,00",335,мучное,,,,,,,,,,,,,,
"Сыр ""Вест"" 10% (Швейцарский)",100,"31,00","10,00","1,00",220,сыры,,,,,,,,,,,,,,
"Сыр ""Хит"" 17% (Польша)",100,"31,00","17,00","1,00",281,сыры,,,,,,,,,,,,,,
Сыр балыковый копченый,100,"22,60","22,50","2,30",308,сыры,,,,,,,,,,,,,,
Сыр голландский брусковый,100,"26,00","26,80","0,00",352,сыры,,,,,,,,,,,,,,
Сыр голландский круглый,100,"23,70","30,50","0,00",377,сыры,,,,,,,,,,,,,,
Сыр домашний 4% (Карат),100,"17,00","4,00","1,80","114,3",сыры,,,,,,,,,,,,,,
Сыр копченый к пиву,100,"18,00","26,40","0,00",310,сыры,,,,,,,,,,,,,,
Сыр костромской,100,"25,20","26,30","0,00",345,сыры,,,,,,,,,,,,,,
Сыр латвийский,100,"23,20","24,30","0,00",319,сыры,,,,,,,,,,,,,,
Сыр Маскарпоне (IGOR),100,"6,50","35,00","3,00",353,сыры,,,,,,,,,,,,,,
Сыр Моццарелла Cilieqine (Феномен-ХХ),100,"18,00","21,00","1,00",265,сыры,,,,,,,,,,,,,,
Сыр Моццарелла Santa Lucia (Galbani),100,"19,00","20,00","1,50",262,сыры,,,,,,,,,,,,,,
Сыр Ольтерманни 17% (Валио),100,"30,00","17,00","0,00",273,сыры,,,,,,,,,,,,,,
Сыр Ольтерманни 33% (Валио),100,"25,00","33,00","0,00",397,сыры,,,,,,,,,,,,,,
Сыр пармезан,100,"35,75","25,83","3,22",392,сыры,,,,,,,,,,,,,,
Сыр плавленый President,100,"10,00","22,00","6,50",264,сыры,,,,,,,,,,,,,,
Сыр плавленый Городской (Карат),100,"22,90","12,60","0,00",205,сыры,,,,,,,,,,,,,,
Сыр плавленый Колбасный копченый,100,"23,00","19,00","0,00",270,сыры,,,,,,,,,,,,,,
Сыр плавленый Костромской,100,"20,50","20,00","0,00",271,сыры,,,,,,,,,,,,,,
Сыр плавленый Латвийский,100,"20,50","20,00","0,00",271,сыры,,,,,,,,,,,,,,
Сыр плавленый Советский,100,"23,00","22,50","0,00",302,сыры,,,,,,,,,,,,,,
Сыр пошехонский,100,"26,00","26,50","0,00",350,сыры,,,,,,,,,,,,,,
Сыр прибалтийский,100,"30,00","9,00","0,00",209,сыры,,,,,,,,,,,,,,
Сыр рокфор,100,"20,00","28,00","0,00",337,сыры,,,,,,,,,,,,,,
Сыр российский,100,"23,00","29,00","0,00",360,сыры,,,,,,,,,,,,,,
Сыр советский,100,"24,70","31,20","0,00",389,сыры,,,,,,,,,,,,,,
Сыр Старый голландец,100,"35,75","28,00","3,22",408,сыры,,,,,,,,,,,,,,
Сыр Сулугуни,100,"19,50","22,00","0,00",285,сыры,,,,,,,,,,,,,,
Сыр Сулугуни (Умалат),100,"19,50","18,80","2,40",256,сыры,,,,,,,,,,,,,,
"Сыр сулугуни копч. (сыр-лапша, ж - 20%)",100,"21,00","20,00","0,00",250,сыры,,"170,00",,,"0,06","0,55",,,,,,,,
Сыр чеддер,100,"23,50","30,50","0,00",379,сыры,,,,,,,,,,,,,,
Сыр швейцарский,100,"24,90","31,80","0,00",396,сыры,,,,,,,,,,,,,,
Сыр Эдамский (Hofmeister),100,"26,00","22,00","0,00",302,сыры,,,,,,,,,,,,,,
Сыр эстонский,100,"26,00","26,40","0,00",350,сыры,,,,,,,,,,,,,,
Сыр ярославский,100,"26,80","27,30","0,00",361,сыры,,,,,,,,,,,,,,
Сырки глазированные,100,"8,50","27,80","32,00",407,сладости,,,,,,,,,,,,,,
Сыроежки,100,"1,70","0,70","1,50",15,грибы,,,,,,,,,,,,,,
творог 0% (домик в деревне),100,"17,00","0,00","1,80",79,творог,,,,,,,,,,,,,,
творог 33 коровы 0%,100,"18,00","0,00","1,60",79,творог,,,,,,,,,,,,,,
творог 33 коровы 4%,100,"15,00","4,00","1,00",104,творог,,,,,,,,,,,,,,
творог взбитый 0.8% (Веселый молочник),100,"12,00","0,80","2,80",70,творог,,,,,,,,,,,,,,
творог Домашний 4%,100,"18,00","4,00","1,20","112,8",творог,,,,,,,,,,,,,,
Творог жирный 18%,100,"14,00","18,00","2,80",232,творог,,,,,,,,,,,,,,
Творог жирный 9%,100,"16,70","9,00","2,00",159,творог,,,,,,,,,,,,,,
Творог нежирный,100,"18,00","0,60","1,80",88,творог,,,,,,,,,,,,,,
"творог нежирный ""Славянский"" из Вологды",100,"18,00","0,60","1,80","84,6",творог,,,,,,,,,,,,,,
творог нежирный останкинский ,100,"18,00","0,00","1,50",78,творог,,,,,,,,,,,,,,
творог обезжиренный Svalia,100,"16,30","0,00","3,50","79,2",творог,,,,,,,,,,,,,,
Творог столовый 2% жирн.,100,"17,00","2,00","1,50",115,творог,,,,,,,,,,,,,,
творог Хуторок нежирный,100,"18,00","0,00","1,20","76,8",творог,,,,,,,,,,,,,,
Творожный торт Ежевика (Морозный узор),100,"2,80","3,10","28,70","153,8",сладости,,,,,,,,,,,,,,
телятина запеченая,100,"34,67","3,65","0,00","171,55",мясо,,,"0,2",,"0,1","0,2","0,9",105,,"0,4","5,8",,,
"телятина, грудная часть",100,"19,50","1,20","0,00","88,8",мясо,,,"0,2",,"0,1","0,2","0,9",105,,"0,4","5,8",,,
"телятина, окорок (Метро)",100,"19,00","2,00","0,00",94,мясо,,,"0,2",,"0,1","0,2","0,9",105,,"0,4","5,8",,,
Терн,100,"1,50","0,00","8,30",45,овощи,,,,,,,,,,,,,,
Тесто дрожжевое,100,"6,80","2,30","48,00",244,мучное,,,,,,,,,,,,,,
Тесто дрожжевое сдобное,100,"7,50","7,60","45,30",283,мучное,,,,,,,,,,,,,,
Тесто слоеное пресное,100,"6,00","18,60","36,80",344,мучное,,,,,,,,,,,,,,
тирамису,100,"4,26","9,60","40,20",264,сладости,,,,,,,,,,,,,,
Толокно,100,"11,50","6,00","50,20",306,мучное,,,,,,,,,,,,,,
томатная паста Дядя Ваня,100,"0,00","0,00","15,80",79,прочее,,,,,,,,,,,,,,
Томат-паста,100,"4,80","0,00","19,00",99,прочее,,,,,,,,,,,,,,
Томат-пюре,100,"3,60","0,00","11,80",65,прочее,,,,,,,,,,,,,,
томаты,100,"1,10","0,20","3,80",23,овощи,"25,00","62,00",,,,,,,,"0,1",11,,"2,20E-02",
Томаты без кожицы,100,"0,50","0,00","2,30",11,овощи,,,,,,,,,,,,,,
Томаты с кожицей,100,"1,10","0,00","3,80",20,овощи,,,,,,,,,,,,,,
Томаты соленые,100,"1,10","0,10","1,60",16,овощи,,,,,,,,,,,,,,
топинамбур,100,"2,10","0,10","12,80","60,5",овощи,"6,00","20,00",,,"7,00E-02","0,06","1,3",,,"0,2","18,5",,"2,20E-02",
"Торт ""Мистер йогурт"" низкокалорийный",100,"3,80","8,90","37,80","246,5",сладости,,,,,,,,,,,,,,
Торт бисквитный с орехово-сливочным кремом,100,"5,60","20,00","58,80",391,сладости,,,,,,,,,,,,,,
Торт бисквитный с фруктовой начинкой,100,"4,70","11,80","49,80",356,сладости,,,,,,,,,,,,,,
Торт бисквитный с шоколадным кремом,100,"4,40","12,40","53,60",335,сладости,,,,,,,,,,,,,,
Торт слоеный с кремом,100,"5,00","37,40","44,00",533,сладости,,,,,,,,,,,,,,
Тофу фитосыр из сои (Флора),100,"17,00","5,00","3,00",127,прочее,,,,,,,,,,,,,,
Треска,100,"17,80","0,70","0,00",78,рыба,,,,,,,,,,,,,,
Треска гор.копч.,100,"26,00","1,20","0,00",115,рыба,,,,,,,,,,,,,,
Треска соленая,100,"23,10","0,60","0,00",98,рыба,,,,,,,,,,,,,,
Трюфель (Solo Italia),100,"4,01","12,70","39,50",289,сладости,,,,,,,,,,,,,,
Тунец,100,"22,50","0,70","0,00",96,рыба,,,,,,,,,,,,,,
Тунец в масле,100,"22,00","15,90","0,00",231,рыба,,,,,,,,,,,,,,
тунец с соб. соку HEINZ,100,"23,50","0,60","0,00",99,рыба,,,,,"0,05","0,2","9,8",,,,"7,1",,,
тунец стейк,100,"24,40","4,60","0,00",139,рыба,,,,,"0,05","0,2","9,8",,,,"7,1",,,
турецкий горох (Muller's Muhle),100,"19,80","3,40","41,20",275,"каши, крупы",,,,,"0,49",,,,"1,31",,,,,
тыква,100,"1,00","0,10","4,40","21,4",овощи,"8,00","1500,00",,,"0,05","0,06","0,5",,"0,4","0,1",14,,,
Тыква жареная,100,"1,45","5,50","5,20",76,овощи,,,,,,,,,,,,,,
Тюлька соленая,100,"19,80","16,20","0,00",225,рыба,,,,,,,,,,,,,,
угорь морск. г/к в/у (БИМ продукт),100,"19,10","1,90","0,00",94,рыба,,,,,"0,05","0,2","9,8",,,,"7,1",,,
Укроп,100,"2,50","0,50","4,10",31,овощи,,,,,,,,,,,,,,
Утка жареная,100,"22,60","19,50","0,00",266,мясо,,,,,,,,,,,,,,
Утка отварная,100,"19,70","18,80","0,00",248,мясо,,,,,,,,,,,,,,
Уха,100,"3,40","1,00","5,50",46,супы,,,,,,,,,,,,,,
Фасоль (стручок),100,"3,00","0,30","3,00",31,овощи,,,,,,,,,,,,,,
фасоль белая в том. соусе (бондюэль),100,"10,47","0,52","32,14",170,"каши, крупы",,,,,,,,,,,,,,
Фасоль вареная,100,"7,80","0,50","21,50",123,овощи,,,,,,,,,,,,,,
фасоль желтая мороженая хортино,100,"2,20","0,20","6,80",24,морож. овощи,,,,,,,,,,,,,,
фасоль Лоби зеленый (4 сезона),100,"3,10","0,30","3,10","27,5",морож. овощи,"16,1",,,,,,,,,,,,,
фасоль сушеная,100,"21,00","2,00","49,00",298,"каши, крупы",,,"3,8",,"0,5","0,18","2,1",,"1,2","0,9",90,,,
фасоль целая мороженая (бондюэль),100,"1,90","0,20","7,60",28,морож. овощи,,,"3,8",,"0,5","0,18","2,1",,"1,2","0,9",90,,,
Финики сушеные,100,"2,00","0,50","72,30",306,сухофрукты,,,,,,,,,,,,,,
Фисташки,100,"20,50","48,50","25,00",610,орехи,,,"3,00E-03",,,,,,,,,,,
Фисташки жареные соленые,100,"20,80","51,60","16,40",642,орехи,,,"3,00E-03",,,,,,,,,,,
Фитнес-шейк + Л-карнитин (Мультипауэр),100,"32,00","2,30","59,00",374,прочее,"200,00",,33,,"2,3","2,7",30,,10,"3,3",667,"1,5",,
форель свежая филе,100,"17,50","2,00","0,00",88,рыба,,,,,,,,,,,,,,
"Фруктовая смесь ""4 сезона""",100,"0,90","0,00","7,70","34,4",ягоды,"21,1","300,00",,,,,,,,,,,,
Фруктоза,100,"0,00","0,00","99,00",396,прочее,,,,,,,,,,,,,,
Фундук,100,"16,10","66,90","9,90",707,орехи,"1,40","10,00","25,5",,"0,3","0,1",2,,"1,1","0,7",68,,,
Халва подсолнечная ванильная,100,"11,60","29,70","54,00",523,сладости,,,,,,,,,,,,,,
Халва тахинная Дружба,100,"15,30","31,60","45,70",524,сладости,,,,,,"0,2","2,2",,,,,,,
Хамса соленая,100,"21,20","9,00","0,00",166,рыба,,,,,,,,,,,,,,
Хек,100,"18,50","2,30","0,00",95,рыба,,,,,,,,,,,,,,
"Хлеб ""8 злаков"" (ЩелковоХлеб)",100,"13,20","5,10","39,70","257,5",хлеб,,,,,,,,,,,,,,
"Хлеб ""Аромат""",100,"9,30","1,20","50,30",253,хлеб,,,,,,,,,,,,,,
"Хлеб ""Довольство"" (кориандр и солод)",100,"9,40","2,40","30,10","179,6",хлеб,,,,,,,,,,,,,,
"Хлеб ""Довольство"" (с яблочной подваркой)",100,"9,50","1,10","31,60","174,3",хлеб,,,,,,,,,,,,,,
"Хлеб ""Куликовский""",100,"7,60","1,20","41,70",213,хлеб,,,,,,,,,,,,,,
Хлеб белково-отрубевой,100,"23,50","3,40","11,30",216,хлеб,,,,,,,,,,,,,,
Хлеб белый батон нарезной ,100,"7,60","0,90","46,70","213,6",хлеб,,,1,,"0,2","0,05","1,5",,"0,3","0,1",27,,,"1,7"
Хлеб бородинский,100,"6,80","1,30","40,70",207,хлеб,,,,,,,,,,,,,,
Хлеб докторский,100,"8,20","2,60","46,60",247,хлеб,,,,,,,,,,,,,,
Хлеб Здоровье,100,"7,90","1,80","37,90",203,хлеб,,,,,,,,,,,,,,
Хлеб зерновой,100,"8,60","1,40","43,90",228,хлеб,,,,,,,,,,,,,,
Хлеб пониженной калорийности,100,"7,90","1,80","37,90",203,хлеб,,,,,,,,,,,,,,
Хлеб пшеничный из муки высшего сорта,100,"7,60","0,80","48,60",238,хлеб,,,,,,,,,,,,,,
Хлеб пшеничный подовый,100,"8,70","1,50","38,70",209,хлеб,,,,,,,,,,,,,,
Хлеб пшеничный формовой,100,"8,20","1,40","36,10",195,хлеб,,,,,,,,,,,,,,
Хлеб ржаной московский,100,"7,00","1,30","37,20",195,хлеб,,,,,,,,,,,,,,
Хлеб ржаной подовый,100,"6,10","1,20","40,90",206,хлеб,,,,,,,,,,,,,,
Хлеб ржаной формовой,100,"6,60","1,20","34,20",181,хлеб,,,,,,,,,,,,,,
Хлеб ржаной хрустящий,100,"10,40","2,30","55,80",291,хлеб,,,,,,,,,,,,,,
Хлеб с семенами подсолнечника (delba),100,"5,70","2,80","32,70",179,хлеб,,,,,,,,,,,,,,
Хлеб украинский подовый,100,"6,70","1,20","41,90",212,хлеб,,,,,,,,,,,,,,
Хлеб украинский формовой,100,"6,90","1,30","38,60",200,хлеб,,,,,,,,,,,,,,
Хлебцы  Finn Crisp (Sesame),100,"10,00","7,90","70,00",390,мучное,,,,,,,,,,,,,,
Хлебцы  Finn Crisp (Мультизерновые),100,"11,00","6,10","61,00","342,9",мучное,,,,,,,,,,,,,,
Хлебцы  Finn Crisp (Тмин),100,"10,00","1,90","62,00","305,1",мучное,,,,,,,,,,,,,,
Хлебцы гречневые (Русская нива),100,"11,60","2,30","59,50",290,мучное,,,,,,,,,,,,,,
Хлебцы ржаные хрустящие (Хлебный дом),100,"13,00","2,50","59,00","310,5",мучное,,,,,,,,,,,,,,
"Хлопья ржаные, ячменные",100,"10,15","1,45","71,30",321,"каши, крупы",,,,,,,,,,,,,,
Хрен,100,"2,50","0,40","7,60",44,прочее,,,,,,,,,,,,,,
Хурма,100,"0,50","0,40","15,30",63,фрукты,"15,00","1,20",,,"0,02","0,03","0,2",,,,,,"2,89E-03",
Цыплята отварные,100,"24,60","5,00","0,00",143,мясо,,,,,,,,,,,,,,
Цыплята табака,100,"25,00","21,00","0,20",271,мясо,,,,,,,,,,,,,,
Чай черный байховый (сухой),100,"20,00","5,10","4,00",146,прочее,,,,,,,,,,,,,,
Чебуреки,100,"8,90","13,50","26,20",264,смеш.блюда,,,,,,,,,,,,,,
Черемша,100,"2,40","0,10","6,10",34,овощи,,,,,,,,,,,,,,
черешня,100,"1,10","0,40","10,60","50,4",ягоды,,"199,00",,,,,,,,,,,,
черника,100,"1,90","0,00","10,00","47,6",ягоды,,"199,00",,,,,,,,,,,,
Черноплодно-рябиновый сок,100,"0,10","0,00","7,40",32,соки,,,,,,,,,,,,,,
Чернослив,100,"2,30","0,00","58,40",242,сухофрукты,,"199,00",,,,,,,,,,,,
Черносмородинов.сок,100,"0,50","0,00","7,90",40,соки,,,,,,,,,,,,,,
Чеснок,100,"6,50","0,00","5,20",46,овощи,,,,,,,,,,,,,,
Четырехзерновая каша (Myllyn Paras),100,"11,70","2,80","61,40","317,6","каши, крупы",,,,,,,,,,,,,,
Чечевица вареная,100,"7,80","0,00","20,10",110,"каши, крупы",,,,,,,,,,,,,,
Чечевица красная (Muller's Muhle),100,"24,40","1,10","44,40","285,1","каши, крупы",,,,,1,,,,,,,,,
Шампиньоны,100,"2,80","0,20","3,80",34,грибы,"7,00",,,,"0,1","0,4","4,8",,"2,1","0,05",30,,,
Шарлотка,100,"3,50","6,00","30,00",186,сладости,,,,,,,,,,,,,,
Шашлык из свинины,100,"26,50","23,10","0,00",324,мясо,,,,,,,,,,,,,,
Шелковица,100,"0,70","0,00","12,00",50,ягоды,,,,,,,,,,,,,,
Шерри 20% алкоголя,100,"0,00","0,00","10,00",152,алкоголь,,,,,,,,,,,,,,
Шиповник свежий,100,"1,60","0,00","10,00",51,ягоды,,,,,,,,,,,,,,
Шиповник сушеный,100,"3,40","0,00","21,50",110,сухофрукты,,,,,,,,,,,,,,
Шиповниковый сок,100,"0,10","0,00","17,60",70,соки,,,,,,,,,,,,,,
Шницель,100,"17,60","25,10","10,20",338,смеш.блюда,,,,,,,,,,,,,,
Шницель свиной,100,"18,80","32,10","9,80",404,смеш.блюда,,,,,,,,,,,,,,
Шоколад без добавлений,100,"7,10","32,00","54,60",535,сладости,,,,,,,,,,,,,,
"Шоколад горький 87% ""Русский шоколад""",100,"10,40","53,00","23,70",613,сладости,,,,,,,,,,,,,,
Шоколад молочно-ореховый,100,"7,30","34,50","53,10",544,сладости,,,,,,,,,,,,,,
Шоколад молочно-сливочный,100,"7,60","37,20","50,80",560,сладости,,,,,,,,,,,,,,
Шоколад молочный,100,"6,90","35,70","52,40",550,сладости,,,,,,,,,,,,,,
Шоколад пористый молочный,100,"6,90","35,50","52,30",549,сладости,,,,,,,,,,,,,,
Шоколад с дробленым и целым орехом,100,"6,60","40,90","48,00",580,сладости,,,,,,,,,,,,,,
"Шоколад черный пористый ""Русский шоколад""",100,"6,10","30,70","55,20","521,5",сладости,,,,,,,,,,,,,,
Шпик свиной (без шкурки),100,"1,40","90,00","0,00",816,масла,,,,,,,,,,,,,,
Шпинат,100,"3,00","0,20","2,10",22,овощи,"55,00",819,"1,89E-03",,,,,,,,80,,"0,415",
Шпроты,100,"17,40","32,40","0,40",563,рыба,,,,,,,,,,,,,,
Щавель,100,"1,50","0,00","3,00",19,овощи,,,,,,,,,,,,,,
Щи из квашеной капусты с картофелем,100,"0,60","2,10","2,70",32,супы,,,,,,,,,,,,,,
Щи из свежей капусты,100,"2,60","5,30","9,00",94,супы,,,,,,,,,,,,,,
Щи из свежей капусты,100,"0,90","2,10","3,10",31,супы,,,,,,,,,,,,,,
Щи из свежей капусты с картофелем,100,"1,00","2,10","3,80",38,супы,,,,,,,,,,,,,,
Щи суточные,100,"0,60","2,80","1,50",34,супы,,,,,,,,,,,,,,
Щука,100,"21,30","1,30","0,00",97,рыба,,,,,,,,,,,,,,
Щука в томатн.соусе,100,"14,20","4,00","3,60",108,рыба,,,,,,,,,,,,,,
Эскалоп,100,"18,00","32,60","0,00",366,мясо,,,,,,,,,,,,,,
Эскимо,100,"3,50","20,00","19,60",270,сладости,,,,,,,,,,,,,,
Яблоки,100,"0,20","0,36","8,00",37,фрукты,"10,00",,"5,80E-04",,,,,,,"0,08",2,,"2,89E-03",
Яблоки сушеные,100,"2,28","0,00","60,83",259,сухофрукты,,,,,,,,,,,,,,
Яблочный сок,100,"0,50","0,00","9,10",38,соки,,,,,,,,,,,,,,
Язык говяжий,100,"12,20","10,90","0,00",146,мясо,,,,,,,,,,,,,,
Яичница-глазунья,100,"12,90","20,90","0,90",243,яйца,,,,,,,,,,,,,,
Яичный белок,100,"10,52","0,00","1,03",50,яйца,,,,,,"0,6",,39,"0,2","0,01","1,1","0,08",,7
Яичный желток,100,"16,76","30,87","1,78",358,яйца,,584,,"7,7","0,2","0,3",,800,4,"0,5","22,4",,"0,147",56
Яичный порошок,100,"46,00","37,30","4,50",542,яйца,,,,,,,,,,,,,,
Яйца куриные вареные вкрутую,100,"13,00","11,60","0,80",160,яйца,,"250,00",,"2,2",,,,,,"0,14",7,"0,52","0,05",
Яйца куриные вареные всмятку,100,"12,80","11,60","0,80",159,яйца,,,,,,,,,,,,,,
Яйца куриные сырые,100,"12,70","11,50","0,70",157,яйца,,,,,,,,,,,,,,
Ячневая крупа,100,"10,00","1,30","66,30",324,"каши, крупы",,,,,,,,,,,,,,